{
  "pools": [
    {
      "rolls": 6,
      "entries": [
        {
          "type": "minecraft:item",
          "name": "minecraft:lime_concrete",
          "functions": [
            {
              "function": "minecraft:set_count",
              "count": {
                "min": 12,
                "max": 32
              }
            }
          ]
        },
        {
          "type": "minecraft:item",
          "name": "minecraft:yellow_concrete",
          "functions": [
            {
              "function": "minecraft:set_count",
              "count": {
                "min": 12,
                "max": 32
              }
            }
          ]
        },
        {
          "type": "minecraft:item",
          "name": "minecraft:blue_concrete",
          "functions": [
            {
              "function": "minecraft:set_count",
              "count": {
                "min": 12,
                "max": 32
              }
            }
          ]
        },
        {
          "type": "minecraft:item",
          "name": "minecraft:white_concrete",
          "functions": [
            {
              "function": "minecraft:set_count",
              "count": {
                "min": 12,
                "max": 32
              }
            }
          ]
        },
        {
          "type": "minecraft:item",
          "name": "minecraft:red_concrete",
          "functions": [
            {
              "function": "minecraft:set_count",
              "count": {
                "min": 12,
                "max": 32
              }
            }
          ]
        },
        {
          "type": "minecraft:item",
          "name": "minecraft:bricks",
          "functions": [
            {
              "function": "minecraft:set_count",
              "count": {
                "min": 45,
                "max": 64
              }
            }
          ]
        }
      ]
    },
    {
      "rolls": 6,
      "entries": [
        {
          "type": "minecraft:item",
          "name": "minecraft:gold_ingot",
          "functions": [
            {
              "function": "minecraft:set_count",
              "count": {
                "min": 3,
                "max": 10
              }
            }
          ]
        },
        {
          "type": "minecraft:item",
          "name": "minecraft:iron_ingot",
          "functions": [
            {
              "function": "minecraft:set_count",
              "count": {
                "min": 3,
                "max": 13
              }
            }
          ]
        },
        {
          "type": "minecraft:item",
          "name": "minecraft:diamond",
          "functions": [
            {
              "function": "minecraft:set_count",
              "count": {
                "min": 1,
                "max": 5
              }
            }
          ]
        },
        {
          "type": "minecraft:item",
          "name": "minecraft:emerald",
          "functions": [
            {
              "function": "minecraft:set_count",
              "count": {
                "min": 6,
                "max": 14
              }
            }
          ]
        }
      ]
    },
    {
      "rolls": 1,
      "entries": [
        {
          "type": "minecraft:item",
          "name": "minecraft:paper",
          "functions": [
            {
              "function": "minecraft:set_nbt",
              "tag": "{display:{Name:'{\"text\":\"Merry Christmas!\",\"italic\":false}',Lore:['{\"text\":\"From Gamingbarn\",\"color\":\"dark_purple\",\"italic\":true}']}}"
            }
          ]
        }
      ]
    },
    {
      "rolls": 6,
      "entries": [
        {
          "type": "minecraft:item",
          "name": "minecraft:player_head",
          "functions": [
            {
              "function": "minecraft:set_nbt",
              "tag": "{display:{Name:\"{\\\"text\\\":\\\"Skeleton Plushie\\\"}\"},SkullOwner:{Id:[I;1521828181,1353664258,-2016370422,-1129550215],Properties:{textures:[{Value:\"eyJ0ZXh0dXJlcyI6eyJTS0lOIjp7InVybCI6Imh0dHA6Ly90ZXh0dXJlcy5taW5lY3JhZnQubmV0L3RleHR1cmUvM2U3MDhhOTI1ZTEwZjI5ZjIyMzJhOTFlNDExODM1Mzc2YTFkYjE1YzhmZDM5NmRiY2I5NWIzZGY5ZGIwNTViMSJ9fX0=\"}]}}}"
            }
          ]
        },
        {
          "type": "minecraft:item",
          "name": "minecraft:player_head",
          "functions": [
            {
              "function": "minecraft:set_nbt",
              "tag": "{display:{Name:\"{\\\"text\\\":\\\"Creeper Plushie\\\"}\"},SkullOwner:{Id:[I;-215293920,553207038,-1301846297,-138099246],Properties:{textures:[{Value:\"eyJ0ZXh0dXJlcyI6eyJTS0lOIjp7InVybCI6Imh0dHA6Ly90ZXh0dXJlcy5taW5lY3JhZnQubmV0L3RleHR1cmUvNzIwMzMwZDg5MDBlZWY4MDAyYzlmOTgxYjM5MTU5ZWU4YjlmOTM4NTRmZmU1YjQwMmQyNTJhYTJkN2U0NTBlIn19fQ==\"}]}}}"
            }
          ]
        },
        {
          "type": "minecraft:item",
          "name": "minecraft:player_head",
          "functions": [
            {
              "function": "minecraft:set_nbt",
              "tag": "{display:{Name:\"{\\\"text\\\":\\\"Herobrine Plushie\\\"}\"},SkullOwner:{Id:[I;558530764,-722779761,-1378408549,2001011577],Properties:{textures:[{Value:\"eyJ0ZXh0dXJlcyI6eyJTS0lOIjp7InVybCI6Imh0dHA6Ly90ZXh0dXJlcy5taW5lY3JhZnQubmV0L3RleHR1cmUvNzUyZTdjNjgyZjdhOGNmN2Q3MGNlYmY2MjY5NDI0YjhkN2YxOGQ1ZWJiMzliOTZmNTdkMGUyZDZkN2ZjYTUifX19\"}]}}}"
            }
          ]
        },
        {
          "type": "minecraft:item",
          "name": "minecraft:player_head",
          "functions": [
            {
              "function": "minecraft:set_nbt",
              "tag": "{display:{Name:\"{\\\"text\\\":\\\"Zombie Plushie\\\"}\"},SkullOwner:{Id:[I;-1570038302,-1464647159,-1214137931,-211465192],Properties:{textures:[{Value:\"eyJ0ZXh0dXJlcyI6eyJTS0lOIjp7InVybCI6Imh0dHA6Ly90ZXh0dXJlcy5taW5lY3JhZnQubmV0L3RleHR1cmUvMDZhZWE2YWNhMWE4MWIyM2JkOGM1ZTUwOGZlNzY2NDhmYzJlNDFmYWExYzhmYzI2Y2ZhOGJkY2U0MTYzIn19fQ==\"}]}}}"
            }
          ]
        },
        {
          "type": "minecraft:item",
          "name": "minecraft:player_head",
          "functions": [
            {
              "function": "minecraft:set_nbt",
              "tag": "{display:{Name:\"{\\\"text\\\":\\\"Farmer Villager Plushie\\\"}\"},SkullOwner:{Id:[I;1115115654,443304089,-1112211262,-1519553146],Properties:{textures:[{Value:\"eyJ0ZXh0dXJlcyI6eyJTS0lOIjp7InVybCI6Imh0dHA6Ly90ZXh0dXJlcy5taW5lY3JhZnQubmV0L3RleHR1cmUvZTJlNDBiYzFmMzQ4YWM3YWQ0YmViMjhiYWVkZjdkYjgxNjczMDViNGQ4ZjEyOWNiZjdhNDZlMzJkMGRiZWM4ZSJ9fX0=\"}]}}}"
            }
          ]
        },
        {
          "type": "minecraft:item",
          "name": "minecraft:player_head",
          "functions": [
            {
              "function": "minecraft:set_nbt",
              "tag": "{display:{Name:\"{\\\"text\\\":\\\"Fisherman Villager Plushie\\\"}\"},SkullOwner:{Id:[I;-1068240371,1938638155,-1921017504,803921328],Properties:{textures:[{Value:\"eyJ0ZXh0dXJlcyI6eyJTS0lOIjp7InVybCI6Imh0dHA6Ly90ZXh0dXJlcy5taW5lY3JhZnQubmV0L3RleHR1cmUvMTY3NmQ3Yzg5ZjljYmM1NDg4M2QyZDhiYmIwODUyMDhhMzA4YjMwYTc2ZjQ1MDVlNDJmZDE4ZDBlNTc1YTNhNCJ9fX0=\"}]}}}"
            }
          ]
        },
        {
          "type": "minecraft:item",
          "name": "minecraft:player_head",
          "functions": [
            {
              "function": "minecraft:set_nbt",
              "tag": "{display:{Name:\"{\\\"text\\\":\\\"Butcher Villager Plushie\\\"}\"},SkullOwner:{Id:[I;-1256432508,1157251433,-1244554497,415286475],Properties:{textures:[{Value:\"eyJ0ZXh0dXJlcyI6eyJTS0lOIjp7InVybCI6Imh0dHA6Ly90ZXh0dXJlcy5taW5lY3JhZnQubmV0L3RleHR1cmUvNjgwOWU4ZDM4OWQ3NDJmNTZlMmEzNTRhYzkzZmI0MGM2Y2U1MThkMTY5ZmQxYjIzMmE0YTIyZTY2OGUwMzg1NCJ9fX0=\"}]}}}"
            }
          ]
        },
        {
          "type": "minecraft:item",
          "name": "minecraft:player_head",
          "functions": [
            {
              "function": "minecraft:set_nbt",
              "tag": "{display:{Name:\"{\\\"text\\\":\\\"Alex Plushie\\\"}\"},SkullOwner:{Id:[I;-1042875197,2130332210,-1968490269,608847136],Properties:{textures:[{Value:\"eyJ0ZXh0dXJlcyI6eyJTS0lOIjp7InVybCI6Imh0dHA6Ly90ZXh0dXJlcy5taW5lY3JhZnQubmV0L3RleHR1cmUvYzFjZDI3NjJhY2I0YjQyNzhjZjExMTc2YTVmODc3OTlmOTNhMWQ5MTE2Y2IzY2I1N2VlNGQxZTYwMTM0NTg4In19fQ==\"}]}}}"
            }
          ]
        },
        {
          "type": "minecraft:item",
          "name": "minecraft:player_head",
          "functions": [
            {
              "function": "minecraft:set_nbt",
              "tag": "{display:{Name:\"{\\\"text\\\":\\\"Steve Plushie\\\"}\"},SkullOwner:{Id:[I;1899696613,419123106,-1497348806,537574103],Properties:{textures:[{Value:\"eyJ0ZXh0dXJlcyI6eyJTS0lOIjp7InVybCI6Imh0dHA6Ly90ZXh0dXJlcy5taW5lY3JhZnQubmV0L3RleHR1cmUvMzgzNWRhMjY4NWY3YWQzZjE5MTlhMDE4OTc2YWQ1NjgyNjY5MWUyNjc1OGEzYTU1YTE5MThmN2YxN2FkOTM4In19fQ==\"}]}}}"
            }
          ]
        }
      ]
    },
    {
      "rolls": 6,
      "entries": [
        {
          "type": "minecraft:item",
          "name": "minecraft:player_head",
          "functions": [
            {
              "function": "minecraft:set_nbt",
              "tag": "{display:{Name:\"{\\\"text\\\":\\\"Present (blue)\\\"}\"},SkullOwner:{Id:[I;1712760208,-484031443,-2012826861,-56511019],Properties:{textures:[{Value:\"eyJ0ZXh0dXJlcyI6eyJTS0lOIjp7InVybCI6Imh0dHA6Ly90ZXh0dXJlcy5taW5lY3JhZnQubmV0L3RleHR1cmUvMWM2Mjc0YzIyZDcyNmZjMTIwY2UyNTczNjAzMGNjOGFmMjM4YjQ0YmNiZjU2NjU1MjA3OTUzYzQxNDQyMmYifX19\"}]}}}"
            }
          ]
        },
        {
          "type": "minecraft:item",
          "name": "minecraft:player_head",
          "functions": [
            {
              "function": "minecraft:set_nbt",
              "tag": "{display:{Name:\"{\\\"text\\\":\\\"Present (yellow)\\\"}\"},SkullOwner:{Id:[I;-1847654619,-1068677258,-1176043046,-789942945],Properties:{textures:[{Value:\"eyJ0ZXh0dXJlcyI6eyJTS0lOIjp7InVybCI6Imh0dHA6Ly90ZXh0dXJlcy5taW5lY3JhZnQubmV0L3RleHR1cmUvNmM4NjUyYmZkYjdhZGRlMTI4ZTdlYWNjNTBkMTZlYjlmNDg3YTMyMDliMzA0ZGUzYjk2OTdjZWJmMTMzMjNiIn19fQ==\"}]}}}"
            }
          ]
        },
        {
          "type": "minecraft:item",
          "name": "minecraft:player_head",
          "functions": [
            {
              "function": "minecraft:set_nbt",
              "tag": "{display:{Name:\"{\\\"text\\\":\\\"Present (magenta)\\\"}\"},SkullOwner:{Id:[I;-169773461,-1848163627,-1659930413,528659302],Properties:{textures:[{Value:\"eyJ0ZXh0dXJlcyI6eyJTS0lOIjp7InVybCI6Imh0dHA6Ly90ZXh0dXJlcy5taW5lY3JhZnQubmV0L3RleHR1cmUvNDdlNTVmY2M4MDlhMmFjMTg2MWRhMmE2N2Y3ZjMxYmQ3MjM3ODg3ZDE2MmVjYTFlZGE1MjZhNzUxMmE2NDkxMCJ9fX0=\"}]}}}"
            }
          ]
        },
        {
          "type": "minecraft:item",
          "name": "minecraft:player_head",
          "functions": [
            {
              "function": "minecraft:set_nbt",
              "tag": "{display:{Name:\"{\\\"text\\\":\\\"Present (cyan)\\\"}\"},SkullOwner:{Id:[I;-42919847,1631341208,-1986060184,137317329],Properties:{textures:[{Value:\"eyJ0ZXh0dXJlcyI6eyJTS0lOIjp7InVybCI6Imh0dHA6Ly90ZXh0dXJlcy5taW5lY3JhZnQubmV0L3RleHR1cmUvN2ZjZDFjODJlMmZiM2ZhMzY4Y2ZhOWE1MDZhYjZjOTg2NDc1OTVkMjE1ZDY0NzFhZDQ3Y2NlMjk2ODVhZiJ9fX0=\"}]}}}"
            }
          ]
        },
        {
          "type": "minecraft:item",
          "name": "minecraft:player_head",
          "functions": [
            {
              "function": "minecraft:set_nbt",
              "tag": "{display:{Name:\"{\\\"text\\\":\\\"Present (black)\\\"}\"},SkullOwner:{Id:[I;-296486783,-1956166140,-1078352838,1768352482],Properties:{textures:[{Value:\"eyJ0ZXh0dXJlcyI6eyJTS0lOIjp7InVybCI6Imh0dHA6Ly90ZXh0dXJlcy5taW5lY3JhZnQubmV0L3RleHR1cmUvNWM3MTJiMTk3MWM1ZjQyZWVmZjgwNTUxMTc5MjIwYzA4YjgyMTNlYWNiZTZiYzE5ZDIzOGMxM2Y4NmUyYzAifX19\"}]}}}"
            }
          ]
        },
        {
          "type": "minecraft:item",
          "name": "minecraft:player_head",
          "functions": [
            {
              "function": "minecraft:set_nbt",
              "tag": "{display:{Name:\"{\\\"text\\\":\\\"Present (green)\\\"}\"},SkullOwner:{Id:[I;2112825111,-414429584,-2029219499,-1043660854],Properties:{textures:[{Value:\"eyJ0ZXh0dXJlcyI6eyJTS0lOIjp7InVybCI6Imh0dHA6Ly90ZXh0dXJlcy5taW5lY3JhZnQubmV0L3RleHR1cmUvZWQ5N2Y0ZjQ0ZTc5NmY3OWNhNDMwOTdmYWE3YjRmZTkxYzQ0NWM3NmU1YzI2YTVhZDc5NGY1ZTQ3OTgzNyJ9fX0=\"}]}}}"
            }
          ]
        },
        {
          "type": "minecraft:item",
          "name": "minecraft:player_head",
          "functions": [
            {
              "function": "minecraft:set_nbt",
              "tag": "{display:{Name:\"{\\\"text\\\":\\\"Present (cyan)\\\"}\"},SkullOwner:{Id:[I;-463669935,-1362015120,-2038347743,-13473865],Properties:{textures:[{Value:\"eyJ0ZXh0dXJlcyI6eyJTS0lOIjp7InVybCI6Imh0dHA6Ly90ZXh0dXJlcy5taW5lY3JhZnQubmV0L3RleHR1cmUvNTlmMDc0MzU3NmJiYTRhMjYyMjQ4MDU0ODk3MGI3MjE1NDNkMmM0NTc5NTVlOGRkNWM0ZjlkZGI2YTU2Yjk1YyJ9fX0=\"}]}}}"
            }
          ]
        },
        {
          "type": "minecraft:item",
          "name": "minecraft:player_head",
          "functions": [
            {
              "function": "minecraft:set_nbt",
              "tag": "{display:{Name:\"{\\\"text\\\":\\\"Present (gray)\\\"}\"},SkullOwner:{Id:[I;-796257890,720062654,-1320373334,1802743648],Properties:{textures:[{Value:\"eyJ0ZXh0dXJlcyI6eyJTS0lOIjp7InVybCI6Imh0dHA6Ly90ZXh0dXJlcy5taW5lY3JhZnQubmV0L3RleHR1cmUvYWMzODIxZDRmNjFiMTdmODJmMGQ3YThlNTMxMjYwOGZmNTBlZGUyOWIxYjRkYzg5ODQ3YmU5NDI3ZDM2In19fQ==\"}]}}}"
            }
          ]
        },
        {
          "type": "minecraft:item",
          "name": "minecraft:player_head",
          "functions": [
            {
              "function": "minecraft:set_nbt",
              "tag": "{display:{Name:\"{\\\"text\\\":\\\"Present (pink)\\\"}\"},SkullOwner:{Id:[I;-1068507996,304171442,-1298270622,611900348],Properties:{textures:[{Value:\"eyJ0ZXh0dXJlcyI6eyJTS0lOIjp7InVybCI6Imh0dHA6Ly90ZXh0dXJlcy5taW5lY3JhZnQubmV0L3RleHR1cmUvMTBjNzVhMDViMzQ0ZWEwNDM4NjM5NzRjMTgwYmE4MTdhZWE2ODY3OGNiZWE1ZTRiYTM5NWY3NGQ0ODAzZDFkIn19fQ==\"}]}}}"
            }
          ]
        },
        {
          "type": "minecraft:item",
          "name": "minecraft:player_head",
          "functions": [
            {
              "function": "minecraft:set_nbt",
              "tag": "{display:{Name:\"{\\\"text\\\":\\\"Present (purple)\\\"}\"},SkullOwner:{Id:[I;1494199845,-1656994224,-1745582505,862865989],Properties:{textures:[{Value:\"eyJ0ZXh0dXJlcyI6eyJTS0lOIjp7InVybCI6Imh0dHA6Ly90ZXh0dXJlcy5taW5lY3JhZnQubmV0L3RleHR1cmUvNzU0MTlmY2U1MDZhNDk1MzQzYTFkMzY4YTcxZDIyNDEzZjA4YzZkNjdjYjk1MWQ2NTZjZDAzZjgwYjRkM2QzIn19fQ==\"}]}}}"
            }
          ]
        },
        {
          "type": "minecraft:item",
          "name": "minecraft:player_head",
          "functions": [
            {
              "function": "minecraft:set_nbt",
              "tag": "{display:{Name:\"{\\\"text\\\":\\\"Present (orange)\\\"}\"},SkullOwner:{Id:[I;-1421624374,-1268363721,-1506556281,2071519232],Properties:{textures:[{Value:\"eyJ0ZXh0dXJlcyI6eyJTS0lOIjp7InVybCI6Imh0dHA6Ly90ZXh0dXJlcy5taW5lY3JhZnQubmV0L3RleHR1cmUvZWUzYThmZDA4NTI5Nzc0NDRkOWZkNzc5N2NhYzA3YjhkMzk0OGFkZGM0M2YwYmI1Y2UyNWFlNzJkOTVkYyJ9fX0=\"}]}}}"
            }
          ]
        },
        {
          "type": "minecraft:item",
          "name": "minecraft:player_head",
          "functions": [
            {
              "function": "minecraft:set_nbt",
              "tag": "{display:{Name:\"{\\\"text\\\":\\\"Present (yellow)\\\"}\"},SkullOwner:{Id:[I;412716006,996099825,-1931638459,-1955674760],Properties:{textures:[{Value:\"eyJ0ZXh0dXJlcyI6eyJTS0lOIjp7InVybCI6Imh0dHA6Ly90ZXh0dXJlcy5taW5lY3JhZnQubmV0L3RleHR1cmUvYTNlNThlYTdmMzExM2NhZWNkMmIzYTZmMjdhZjUzYjljYzljZmVkN2IwNDNiYTMzNGI1MTY4ZjEzOTFkOSJ9fX0=\"}]}}}"
            }
          ]
        },
        {
          "type": "minecraft:item",
          "name": "minecraft:player_head",
          "functions": [
            {
              "function": "minecraft:set_nbt",
              "tag": "{display:{Name:\"{\\\"text\\\":\\\"Present (green)\\\"}\"},SkullOwner:{Id:[I;1336659144,9587126,-1341101922,1377327008],Properties:{textures:[{Value:\"eyJ0ZXh0dXJlcyI6eyJTS0lOIjp7InVybCI6Imh0dHA6Ly90ZXh0dXJlcy5taW5lY3JhZnQubmV0L3RleHR1cmUvZDA4Y2U3ZGViYTU2YjcyNmE4MzJiNjExMTVjYTE2MzM2MTM1OWMzMDQzNGY3ZDVlM2MzZmFhNmZlNDA1MiJ9fX0=\"}]}}}"
            }
          ]
        },
        {
          "type": "minecraft:item",
          "name": "minecraft:player_head",
          "functions": [
            {
              "function": "minecraft:set_nbt",
              "tag": "{display:{Name:\"{\\\"text\\\":\\\"Present (purple)\\\"}\"},SkullOwner:{Id:[I;-990888949,265634930,-1377062781,945219774],Properties:{textures:[{Value:\"eyJ0ZXh0dXJlcyI6eyJTS0lOIjp7InVybCI6Imh0dHA6Ly90ZXh0dXJlcy5taW5lY3JhZnQubmV0L3RleHR1cmUvMWI2NzMwZGU3ZTViOTQxZWZjNmU4Y2JhZjU3NTVmOTQyMWEyMGRlODcxNzU5NjgyY2Q4ODhjYzRhODEyODIifX19\"}]}}}"
            }
          ]
        },
        {
          "type": "minecraft:item",
          "name": "minecraft:player_head",
          "functions": [
            {
              "function": "minecraft:set_nbt",
              "tag": "{display:{Name:\"{\\\"text\\\":\\\"Present (red)\\\"}\"},SkullOwner:{Id:[I;-593323462,1993558393,-2002637408,884576786],Properties:{textures:[{Value:\"eyJ0ZXh0dXJlcyI6eyJTS0lOIjp7InVybCI6Imh0dHA6Ly90ZXh0dXJlcy5taW5lY3JhZnQubmV0L3RleHR1cmUvNmNlZjlhYTE0ZTg4NDc3M2VhYzEzNGE0ZWU4OTcyMDYzZjQ2NmRlNjc4MzYzY2Y3YjFhMjFhODViNyJ9fX0=\"}]}}}"
            }
          ]
        }
      ]
    },
    {
      "rolls": 6,
      "entries": [
        {
          "type": "minecraft:item",
          "name": "minecraft:player_head",
          "functions": [
            {
              "function": "minecraft:set_nbt",
              "tag": "{display:{Name:\"{\\\"text\\\":\\\"Christmas Ball Ornament (orange)\\\"}\"},SkullOwner:{Id:[I;-265530635,-1374273367,-2143257019,1416467671],Properties:{textures:[{Value:\"eyJ0ZXh0dXJlcyI6eyJTS0lOIjp7InVybCI6Imh0dHA6Ly90ZXh0dXJlcy5taW5lY3JhZnQubmV0L3RleHR1cmUvNmVhMTc3ZjFiNzRjYTU3YTFjY2U5MzhlOGQ5OTRiYzFmNjM3ZTVmNjljODJlZmYyOTYxMmExM2JhOGIyZGQ3In19fQ==\"}]}}}"
            }
          ]
        },
        {
          "type": "minecraft:item",
          "name": "minecraft:player_head",
          "functions": [
            {
              "function": "minecraft:set_nbt",
              "tag": "{display:{Name:\"{\\\"text\\\":\\\"Christmas Ball Ornament (cyan)\\\"}\"},SkullOwner:{Id:[I;1937816836,1350453214,-1885426501,-802677197],Properties:{textures:[{Value:\"eyJ0ZXh0dXJlcyI6eyJTS0lOIjp7InVybCI6Imh0dHA6Ly90ZXh0dXJlcy5taW5lY3JhZnQubmV0L3RleHR1cmUvMTI2ZTM0NjI4N2EyMWRiZmNhNWI1OGMxNDJkOGQ1NzEyYmRjODRmNWI3NWQ0MzE0ZWQyYTgzYjIyMmVmZmEifX19\"}]}}}"
            }
          ]
        },
        {
          "type": "minecraft:item",
          "name": "minecraft:player_head",
          "functions": [
            {
              "function": "minecraft:set_nbt",
              "tag": "{display:{Name:\"{\\\"text\\\":\\\"Christmas Ball Ornament (purple)\\\"}\"},SkullOwner:{Id:[I;-2035173928,-1216132497,-1540155524,1776867511],Properties:{textures:[{Value:\"eyJ0ZXh0dXJlcyI6eyJTS0lOIjp7InVybCI6Imh0dHA6Ly90ZXh0dXJlcy5taW5lY3JhZnQubmV0L3RleHR1cmUvODg2NjJiYTA3MDhlOGQ2MGQ1NjM2NWVjMmJjMDBmZjE3OTJmMTY2MzRmYzg0NWE4NDNhODRkZTA4MWVhNGYifX19\"}]}}}"
            }
          ]
        },
        {
          "type": "minecraft:item",
          "name": "minecraft:player_head",
          "functions": [
            {
              "function": "minecraft:set_nbt",
              "tag": "{display:{Name:\"{\\\"text\\\":\\\"Christmas Ball Ornament (blue)\\\"}\"},SkullOwner:{Id:[I;348883231,901333997,-1440119131,-1434989664],Properties:{textures:[{Value:\"eyJ0ZXh0dXJlcyI6eyJTS0lOIjp7InVybCI6Imh0dHA6Ly90ZXh0dXJlcy5taW5lY3JhZnQubmV0L3RleHR1cmUvNjdlMTFkYjhmMzkyNzI3YTFjNDU5ZWI1OTFkZDhhMGFhMzg2MWMyNzQ4N2UxMzg0YmIyMmY5MTU3M2JlNyJ9fX0=\"}]}}}"
            }
          ]
        },
        {
          "type": "minecraft:item",
          "name": "minecraft:player_head",
          "functions": [
            {
              "function": "minecraft:set_nbt",
              "tag": "{display:{Name:\"{\\\"text\\\":\\\"Christmas Ball Ornament (green)\\\"}\"},SkullOwner:{Id:[I;-349305698,1432571383,-1098244983,305822113],Properties:{textures:[{Value:\"eyJ0ZXh0dXJlcyI6eyJTS0lOIjp7InVybCI6Imh0dHA6Ly90ZXh0dXJlcy5taW5lY3JhZnQubmV0L3RleHR1cmUvNWU0ODYxNWRmNmI3ZGRmM2FkNDk1MDQxODc2ZDkxNjliZGM5ODNhM2ZhNjlhMmFjYTEwN2U4ZjI1MWY3Njg3In19fQ==\"}]}}}"
            }
          ]
        },
        {
          "type": "minecraft:item",
          "name": "minecraft:player_head",
          "functions": [
            {
              "function": "minecraft:set_nbt",
              "tag": "{display:{Name:\"{\\\"text\\\":\\\"Christmas Ball Ornament (red)\\\"}\"},SkullOwner:{Id:[I;1732965436,-321830548,-1259364584,783200198],Properties:{textures:[{Value:\"eyJ0ZXh0dXJlcyI6eyJTS0lOIjp7InVybCI6Imh0dHA6Ly90ZXh0dXJlcy5taW5lY3JhZnQubmV0L3RleHR1cmUvODg0ZTkyNDg3YzY3NDk5OTViNzk3MzdiOGE5ZWI0YzQzOTU0Nzk3YTZkZDZjZDliNGVmY2UxN2NmNDc1ODQ2In19fQ==\"}]}}}"
            }
          ]
        }
      ]
    }
  ]
}
