{
    "pools": [
      {
        "rolls": 1,
        "entries": [
          {
            "type": "minecraft:item",
            "name": "minecraft:chest",
            "functions": [
              {
                "function": "minecraft:set_count",
                "count": 3
              },
              {
                "function": "minecraft:set_nbt",
                "tag": "{display:{Name:'{\"text\":\"Christmas Present\",\"color\":\"red\"}',Lore:['{\"text\":\"Mountains of goodies!\",\"color\":\"white\",\"italic\":true}']},BlockEntityTag:{LootTable:\"xmas_tree:present\"}}"
              }
            ]
          }
        ]
      }
    ]
  }
  