{
	"credit": "Made with Blockbench",
	"textures": {
		"0": "assault_rifle",
		"particle": "assault_rifle"
	},
	"elements": [
		{
			"from": [2.25, 4, 6.25],
			"to": [4.75, 10, 8.75],
			"rotation": {"angle": -22.5, "axis": "z", "origin": [3.5, 7, 7.5]},
			"faces": {
				"north": {"uv": [0, 0, 3, 6], "texture": "#0"},
				"east": {"uv": [0, 0, 3, 6], "texture": "#0"},
				"south": {"uv": [0, 0, 3, 6], "texture": "#0"},
				"west": {"uv": [0, 0, 3, 6], "texture": "#0"},
				"up": {"uv": [0, 0, 3, 3], "texture": "#0"},
				"down": {"uv": [0, 0, 3, 3], "texture": "#0"}
			}
		},
		{
			"from": [6.5, 6, 6.5],
			"to": [7.5, 8, 8.5],
			"rotation": {"angle": -45, "axis": "z", "origin": [7, 7, 7.5]},
			"faces": {
				"north": {"uv": [0, 0, 1, 2], "texture": "#0"},
				"east": {"uv": [0, 0, 2, 2], "texture": "#0"},
				"south": {"uv": [0, 0, 1, 2], "texture": "#0"},
				"west": {"uv": [0, 0, 2, 2], "texture": "#0"},
				"up": {"uv": [0, 0, 1, 2], "texture": "#0"},
				"down": {"uv": [0, 0, 1, 2], "texture": "#0"}
			}
		},
		{
			"from": [4.375, 6, 6.5],
			"to": [6.625, 7, 8.5],
			"rotation": {"angle": 0, "axis": "z", "origin": [6.125, 6.5, 7.5]},
			"faces": {
				"north": {"uv": [0, 0, 1, 2], "rotation": 270, "texture": "#0"},
				"east": {"uv": [0, 0, 1, 2], "rotation": 90, "texture": "#0"},
				"south": {"uv": [0, 0, 1, 2], "rotation": 90, "texture": "#0"},
				"west": {"uv": [0, 0, 1, 2], "rotation": 90, "texture": "#0"},
				"up": {"uv": [0, 0, 2, 2], "rotation": 90, "texture": "#0"},
				"down": {"uv": [0, 0, 2, 2], "rotation": 90, "texture": "#0"}
			}
		},
		{
			"from": [7, 7.375, 6.5],
			"to": [8, 9.5, 8.5],
			"rotation": {"angle": 0, "axis": "z", "origin": [7.5, 8.5, 7.5]},
			"faces": {
				"north": {"uv": [0, 0, 1, 2.125], "texture": "#0"},
				"east": {"uv": [0, 0, 2, 2.125], "texture": "#0"},
				"south": {"uv": [0, 0, 1, 2.125], "texture": "#0"},
				"west": {"uv": [0, 0, 2, 2.125], "texture": "#0"},
				"up": {"uv": [0, 0, 1, 2], "texture": "#0"},
				"down": {"uv": [0, 0, 1, 2], "texture": "#0"}
			}
		},
		{
			"from": [5, 8, 6.75],
			"to": [6.25, 9, 8],
			"rotation": {"angle": 0, "axis": "y", "origin": [13, 11, 14]},
			"faces": {
				"north": {"uv": [14, 2, 14.75, 3], "texture": "#0"},
				"east": {"uv": [14, 3, 15.25, 4], "texture": "#0"},
				"south": {"uv": [15, 2, 15.75, 3], "texture": "#0"},
				"west": {"uv": [14, 6, 15.25, 7], "texture": "#0"},
				"up": {"uv": [15, 4, 15.75, 5.25], "texture": "#0"},
				"down": {"uv": [13, 5, 13.75, 6.25], "texture": "#0"}
			}
		},
		{
			"from": [10, 1.75, 6.25],
			"to": [11.5, 9, 8.5],
			"rotation": {"angle": 0, "axis": "y", "origin": [18, 11, 14]},
			"faces": {
				"north": {"uv": [0, 0, 1.5, 5.25], "texture": "#0"},
				"east": {"uv": [0, 0, 2.25, 5.25], "texture": "#0"},
				"south": {"uv": [0, 0, 1.5, 5.25], "texture": "#0"},
				"west": {"uv": [0, 0, 2.25, 5.25], "texture": "#0"},
				"up": {"uv": [0, 1, 1.5, 3.25], "texture": "#0"},
				"down": {"uv": [1, 3, 2.5, 5.25], "texture": "#0"}
			}
		},
		{
			"from": [3, 9, 6],
			"to": [21, 11.5, 9],
			"rotation": {"angle": 0, "axis": "y", "origin": [11, 17, 14]},
			"faces": {
				"north": {"uv": [0, 13, 16, 15.5], "texture": "#0"},
				"east": {"uv": [0, 13, 3, 15.5], "texture": "#0"},
				"south": {"uv": [0, 13, 16, 15.5], "texture": "#0"},
				"west": {"uv": [0, 13, 3, 15.5], "texture": "#0"},
				"up": {"uv": [0, 13, 16, 16], "texture": "#0"},
				"down": {"uv": [0, 13, 16, 16], "texture": "#0"}
			}
		},
		{
			"from": [19.75, 11.5, 7.25],
			"to": [20.8125, 12.0625, 7.75],
			"rotation": {"angle": 0, "axis": "y", "origin": [11, 19.5, 14]},
			"faces": {
				"north": {"uv": [14, 3, 14.813, 3.875], "texture": "#0"},
				"east": {"uv": [15, 2, 15.5, 2.875], "texture": "#0"},
				"south": {"uv": [14, 3, 14.813, 3.875], "texture": "#0"},
				"west": {"uv": [15, 3, 15.5, 3.875], "texture": "#0"},
				"up": {"uv": [14, 4, 14.813, 4.5], "texture": "#0"},
				"down": {"uv": [14, 2, 14.813, 2.5], "texture": "#0"}
			}
		},
		{
			"from": [21, 9.5, 6.75],
			"to": [24, 11, 8.25],
			"rotation": {"angle": 0, "axis": "y", "origin": [21, 17, 14]},
			"faces": {
				"north": {"uv": [7, 15, 9, 16], "texture": "#0"},
				"east": {"uv": [0, 9, 4, 13], "texture": "#0"},
				"south": {"uv": [3, 15, 5, 16], "texture": "#0"},
				"west": {"uv": [15, 15, 16, 16], "texture": "#0"},
				"up": {"uv": [6, 13, 8, 14], "texture": "#0"},
				"down": {"uv": [13, 0, 15, 1], "texture": "#0"}
			}
		}
	],
	"gui_light": "front",
	"display": {
		"thirdperson_righthand": {
			"rotation": [0, 90, 0],
			"translation": [0.5, 0, -1.5]
		},
		"thirdperson_lefthand": {
			"rotation": [-180, -64, -160],
			"translation": [-8.75, -7.25, 12]
		},
		"firstperson_righthand": {
			"rotation": [0, 80, 0],
			"translation": [1.75, 0.5, 0]
		},
		"firstperson_lefthand": {
			"translation": [0, -5.25, 0]
		},
		"ground": {
			"rotation": [90, 0, 0],
			"translation": [-3.25, -3.5, 0]
		},
		"gui": {
			"rotation": [25, 145, 5],
			"translation": [2.25, -0.25, 0]
		}
	}
}