{
	"credit": "Made with Blockbench",
	"textures": {
		"0": "flare",
		"particle": "flare"
	},
	"elements": [
		{
			"from": [7, 0, 5],
			"to": [10, 7.9375, 8],
			"rotation": {"angle": 0, "axis": "y", "origin": [15, 8, 13]},
			"faces": {
				"north": {"uv": [0, 0, 3, 6.9375], "texture": "#0"},
				"east": {"uv": [0, 0, 3, 6.9375], "texture": "#0"},
				"south": {"uv": [0, 0, 3, 6.9375], "texture": "#0"},
				"west": {"uv": [0, 0, 3, 6.9375], "texture": "#0"},
				"up": {"uv": [3, 0, 6, 3], "texture": "#0"},
				"down": {"uv": [0, 0, 3, 3], "texture": "#0"}
			}
		}
	],
	"display": {
		"thirdperson_righthand": {
			"translation": [0, 0, 0.25],
			"scale": [0.5, 0.5, 0.5]
		},
		"thirdperson_lefthand": {
			"translation": [0, 0, 0.25],
			"scale": [0.5, 0.5, 0.5]
		},
		"firstperson_righthand": {
			"translation": [4.5, 1, 0],
			"scale": [0.5, 0.5, 0.28]
		},
		"firstperson_lefthand": {
			"translation": [5.25, 1, 0],
			"scale": [0.5, 0.5, 0.28]
		},
		"ground": {
			"translation": [-1, 0, 0.25],
			"scale": [0.5, 0.5, 0.5]
		},
		"gui": {
			"rotation": [22, -34, 0],
			"translation": [-1, 3.75, 0]
		},
		"fixed": {
			"translation": [-0.25, 4, 0]
		}
	}
}