{
	"credit": "Made with Blockbench",
	"textures": {
		"0": "laser_pistol",
		"particle": "laser_pistol"
	},
	"elements": [
		{
			"from": [7, 0, 3.3125],
			"to": [10, 1, 7],
			"rotation": {"angle": 0, "axis": "y", "origin": [15, 8, 11]},
			"faces": {
				"north": {"uv": [0, 0, 3, 1], "texture": "#0"},
				"east": {"uv": [0, 0, 3.6875, 1], "texture": "#0"},
				"south": {"uv": [0, 0, 3, 1], "texture": "#0"},
				"west": {"uv": [0, 0, 3.6875, 1], "texture": "#0"},
				"up": {"uv": [0, 0, 3, 3.6875], "texture": "#0"},
				"down": {"uv": [0, 0, 3, 3.6875], "texture": "#0"}
			}
		},
		{
			"from": [7.25, 1, 3.75],
			"to": [9.6875, 3.75, 6],
			"rotation": {"angle": 0, "axis": "x", "origin": [8.375, 3.25, 4.875]},
			"faces": {
				"north": {"uv": [13, 0, 15.438, 2.75], "texture": "#0"},
				"east": {"uv": [13, 0, 15.25, 2.75], "texture": "#0"},
				"south": {"uv": [13, 0, 15.438, 2.75], "texture": "#0"},
				"west": {"uv": [13, 0, 15.25, 2.75], "texture": "#0"},
				"up": {"uv": [13, 0, 15.438, 2.25], "texture": "#0"},
				"down": {"uv": [13, 0, 15.438, 2.25], "texture": "#0"}
			}
		},
		{
			"from": [7, 3.75, 3.5],
			"to": [9.9375, 6.25, 10.75],
			"rotation": {"angle": 0, "axis": "x", "origin": [8.375, 6.25, 4.875]},
			"faces": {
				"north": {"uv": [0, 0, 2.9375, 2.5], "texture": "#0"},
				"east": {"uv": [0, 0, 7.25, 2.5], "texture": "#0"},
				"south": {"uv": [0, 0, 2.9375, 2.5], "texture": "#0"},
				"west": {"uv": [0, 0, 7.25, 2.5], "texture": "#0"},
				"up": {"uv": [0, 0, 2.9375, 7.25], "texture": "#0"},
				"down": {"uv": [0, 0, 2.9375, 7.25], "texture": "#0"}
			}
		},
		{
			"from": [6.75, 3.5, 0.5],
			"to": [10.1875, 4, 3.5],
			"rotation": {"angle": 0, "axis": "x", "origin": [8.375, 6.25, -2.375]},
			"faces": {
				"north": {"uv": [0, 0, 3.4375, 0.5], "texture": "#0"},
				"east": {"uv": [0, 0, 3, 0.5], "texture": "#0"},
				"south": {"uv": [0, 0, 3.4375, 0.5], "texture": "#0"},
				"west": {"uv": [0, 0, 3, 0.5], "texture": "#0"},
				"up": {"uv": [0, 0, 3.4375, 3], "texture": "#0"},
				"down": {"uv": [0, 0, 3.4375, 3], "texture": "#0"}
			}
		},
		{
			"from": [6.75, 3.5, 10.5],
			"to": [10.1875, 4, 13.5],
			"rotation": {"angle": 0, "axis": "x", "origin": [8.375, 6.25, 7.625]},
			"faces": {
				"north": {"uv": [0, 0, 3.4375, 0.5], "texture": "#0"},
				"east": {"uv": [0, 0, 3, 0.5], "texture": "#0"},
				"south": {"uv": [0, 0, 3.4375, 0.5], "texture": "#0"},
				"west": {"uv": [0, 0, 3, 0.5], "texture": "#0"},
				"up": {"uv": [0, 0, 3.4375, 3], "texture": "#0"},
				"down": {"uv": [0, 0, 3.4375, 3], "texture": "#0"}
			}
		},
		{
			"from": [8.1875, 4.125, 0.5],
			"to": [9.5625, 5.875, 3.5],
			"rotation": {"angle": 0, "axis": "x", "origin": [8.75, 6.875, -2.375]},
			"faces": {
				"north": {"uv": [14, 11, 15.375, 12.75], "texture": "#0"},
				"east": {"uv": [13, 14, 16, 15.75], "texture": "#0"},
				"south": {"uv": [14, 11, 15.375, 12.75], "texture": "#0"},
				"west": {"uv": [13, 14, 16, 15.75], "texture": "#0"},
				"up": {"uv": [11, 13, 12.375, 16], "texture": "#0"},
				"down": {"uv": [11, 13, 12.375, 16], "texture": "#0"}
			}
		},
		{
			"from": [7.1875, 4.125, 0.25],
			"to": [7.875, 5.875, 3.5],
			"rotation": {"angle": 0, "axis": "x", "origin": [6.75, 6.875, -2.375]},
			"faces": {
				"north": {"uv": [0, 0, 0.6875, 1.75], "texture": "#0"},
				"east": {"uv": [0, 0, 3.25, 1.75], "texture": "#0"},
				"south": {"uv": [0, 0, 0.6875, 1.75], "texture": "#0"},
				"west": {"uv": [0, 0, 3.25, 1.75], "texture": "#0"},
				"up": {"uv": [0, 0, 0.6875, 3.25], "texture": "#0"},
				"down": {"uv": [0, 0, 0.6875, 3.25], "texture": "#0"}
			}
		},
		{
			"from": [7.4375, 5.375, 0],
			"to": [9.125, 5.625, 0.25],
			"rotation": {"angle": 0, "axis": "x", "origin": [7, 6.625, -2.625]},
			"faces": {
				"north": {"uv": [4, 15, 5.688, 15.25], "texture": "#0"},
				"east": {"uv": [4, 15, 4.25, 15.25], "texture": "#0"},
				"south": {"uv": [3, 15, 4.688, 15.25], "texture": "#0"},
				"west": {"uv": [4, 14, 4.25, 14.25], "texture": "#0"},
				"up": {"uv": [4, 15, 5.688, 15.25], "texture": "#0"},
				"down": {"uv": [4, 15, 5.688, 15.25], "texture": "#0"}
			}
		},
		{
			"from": [7.4375, 4.5625, 0],
			"to": [9.125, 4.8125, 0.25],
			"rotation": {"angle": 0, "axis": "x", "origin": [7, 5.8125, -2.625]},
			"faces": {
				"north": {"uv": [0, 15, 1.688, 15.25], "texture": "#0"},
				"east": {"uv": [0, 15, 0.25, 15.25], "texture": "#0"},
				"south": {"uv": [0, 15, 1.688, 15.25], "texture": "#0"},
				"west": {"uv": [0, 15, 0.25, 15.25], "texture": "#0"},
				"up": {"uv": [0, 15, 1.688, 15.25], "texture": "#0"},
				"down": {"uv": [0, 15, 1.688, 15.25], "texture": "#0"}
			}
		},
		{
			"from": [6.75, 6, 0.5],
			"to": [10.1875, 6.5, 3.5],
			"rotation": {"angle": 0, "axis": "x", "origin": [8.375, 8.75, -2.375]},
			"faces": {
				"north": {"uv": [0, 0, 3.4375, 0.5], "texture": "#0"},
				"east": {"uv": [0, 0, 3, 0.5], "texture": "#0"},
				"south": {"uv": [0, 0, 3.4375, 0.5], "texture": "#0"},
				"west": {"uv": [0, 0, 3, 0.5], "texture": "#0"},
				"up": {"uv": [0, 0, 3.4375, 3], "texture": "#0"},
				"down": {"uv": [0, 0, 3.4375, 3], "texture": "#0"}
			}
		},
		{
			"from": [6.75, 6, 10.5],
			"to": [10.1875, 6.5, 13.5],
			"rotation": {"angle": 0, "axis": "x", "origin": [8.375, 8.75, 7.625]},
			"faces": {
				"north": {"uv": [0, 0, 3.4375, 0.5], "texture": "#0"},
				"east": {"uv": [0, 0, 3, 0.5], "texture": "#0"},
				"south": {"uv": [0, 0, 3.4375, 0.5], "texture": "#0"},
				"west": {"uv": [0, 0, 3, 0.5], "texture": "#0"},
				"up": {"uv": [0, 0, 3.4375, 3], "texture": "#0"},
				"down": {"uv": [0, 0, 3.4375, 3], "texture": "#0"}
			}
		},
		{
			"from": [9.75, 4, 0.5],
			"to": [10.1875, 6, 3.5],
			"rotation": {"angle": 0, "axis": "x", "origin": [8.375, 8.75, -2.375]},
			"faces": {
				"north": {"uv": [0, 0, 0.4375, 2], "texture": "#0"},
				"east": {"uv": [0, 0, 3, 2], "texture": "#0"},
				"south": {"uv": [0, 0, 0.4375, 2], "texture": "#0"},
				"west": {"uv": [0, 0, 3, 2], "texture": "#0"},
				"up": {"uv": [0, 0, 0.4375, 3], "texture": "#0"},
				"down": {"uv": [0, 0, 0.4375, 3], "texture": "#0"}
			}
		},
		{
			"from": [9.75, 4, 10.5],
			"to": [10.1875, 6, 13.5],
			"rotation": {"angle": 0, "axis": "x", "origin": [8.375, 8.75, 7.625]},
			"faces": {
				"north": {"uv": [0, 0, 0.4375, 2], "texture": "#0"},
				"east": {"uv": [0, 0, 3, 2], "texture": "#0"},
				"south": {"uv": [0, 0, 0.4375, 2], "texture": "#0"},
				"west": {"uv": [0, 0, 3, 2], "texture": "#0"},
				"up": {"uv": [0, 0, 0.4375, 3], "texture": "#0"},
				"down": {"uv": [0, 0, 0.4375, 3], "texture": "#0"}
			}
		},
		{
			"from": [6.75, 4, 0.5],
			"to": [7.1875, 6, 3.5],
			"rotation": {"angle": 0, "axis": "x", "origin": [5.375, 8.75, -2.375]},
			"faces": {
				"north": {"uv": [0, 0, 0.4375, 2], "texture": "#0"},
				"east": {"uv": [0, 0, 3, 2], "texture": "#0"},
				"south": {"uv": [0, 0, 0.4375, 2], "texture": "#0"},
				"west": {"uv": [0, 0, 3, 2], "texture": "#0"},
				"up": {"uv": [0, 0, 0.4375, 3], "texture": "#0"},
				"down": {"uv": [0, 0, 0.4375, 3], "texture": "#0"}
			}
		},
		{
			"from": [6.75, 4, 10.5],
			"to": [7.1875, 6, 13.5],
			"rotation": {"angle": 0, "axis": "x", "origin": [5.375, 8.75, 7.625]},
			"faces": {
				"north": {"uv": [0, 0, 0.4375, 2], "texture": "#0"},
				"east": {"uv": [0, 0, 3, 2], "texture": "#0"},
				"south": {"uv": [0, 0, 0.4375, 2], "texture": "#0"},
				"west": {"uv": [0, 0, 3, 2], "texture": "#0"},
				"up": {"uv": [0, 0, 0.4375, 3], "texture": "#0"},
				"down": {"uv": [0, 0, 0.4375, 3], "texture": "#0"}
			}
		},
		{
			"from": [7.1875, 4.75, 10.5],
			"to": [7.625, 5.25, 13.5],
			"rotation": {"angle": 0, "axis": "x", "origin": [5.8125, 8.75, 7.625]},
			"faces": {
				"north": {"uv": [0, 15, 0.438, 15.5], "texture": "#0"},
				"east": {"uv": [0, 15, 3, 15.5], "texture": "#0"},
				"south": {"uv": [0, 15, 0.438, 15.5], "texture": "#0"},
				"west": {"uv": [0, 15, 3, 15.5], "texture": "#0"},
				"up": {"uv": [0, 13, 0.438, 16], "texture": "#0"},
				"down": {"uv": [0, 13, 0.438, 16], "texture": "#0"}
			}
		},
		{
			"from": [9.3125, 4.75, 10.5],
			"to": [9.75, 5.25, 13.5],
			"rotation": {"angle": 0, "axis": "x", "origin": [7.9375, 8.75, 7.625]},
			"faces": {
				"north": {"uv": [0, 15, 0.438, 15.5], "texture": "#0"},
				"east": {"uv": [0, 15, 3, 15.5], "texture": "#0"},
				"south": {"uv": [0, 15, 0.438, 15.5], "texture": "#0"},
				"west": {"uv": [0, 15, 3, 15.5], "texture": "#0"},
				"up": {"uv": [0, 13, 0.438, 16], "texture": "#0"},
				"down": {"uv": [0, 13, 0.438, 16], "texture": "#0"}
			}
		},
		{
			"from": [8.25, 5.5, 10.5],
			"to": [8.75, 6, 13.5],
			"rotation": {"angle": 0, "axis": "x", "origin": [6.875, 9.5, 7.625]},
			"faces": {
				"north": {"uv": [0, 15, 0.438, 15.5], "texture": "#0"},
				"east": {"uv": [0, 15, 3, 15.5], "texture": "#0"},
				"south": {"uv": [0, 15, 0.438, 15.5], "texture": "#0"},
				"west": {"uv": [0, 15, 3, 15.5], "texture": "#0"},
				"up": {"uv": [0, 13, 0.438, 16], "texture": "#0"},
				"down": {"uv": [0, 13, 0.438, 16], "texture": "#0"}
			}
		},
		{
			"from": [8.25, 4, 10.5],
			"to": [8.75, 4.5, 13.5],
			"rotation": {"angle": 0, "axis": "x", "origin": [6.875, 8, 7.625]},
			"faces": {
				"north": {"uv": [0, 15, 0.438, 15.5], "texture": "#0"},
				"east": {"uv": [0, 15, 3, 15.5], "texture": "#0"},
				"south": {"uv": [0, 15, 0.438, 15.5], "texture": "#0"},
				"west": {"uv": [0, 15, 3, 15.5], "texture": "#0"},
				"up": {"uv": [0, 13, 0.438, 16], "texture": "#0"},
				"down": {"uv": [0, 13, 0.438, 16], "texture": "#0"}
			}
		},
		{
			"from": [7.75, 0, 7],
			"to": [9.25, 1, 10.75],
			"rotation": {"angle": 0, "axis": "y", "origin": [15, 8, 15]},
			"faces": {
				"north": {"uv": [0, 0, 1.5, 1], "texture": "#0"},
				"east": {"uv": [0, 0, 3.75, 1], "texture": "#0"},
				"south": {"uv": [0, 0, 1.5, 1], "texture": "#0"},
				"west": {"uv": [0, 0, 3.75, 1], "texture": "#0"},
				"up": {"uv": [0, 0, 1.5, 3.75], "texture": "#0"},
				"down": {"uv": [0, 0, 1.5, 3.75], "texture": "#0"}
			}
		},
		{
			"from": [7.75, 0, 10.3125],
			"to": [9.25, 1, 12.125],
			"rotation": {"angle": -45, "axis": "x", "origin": [8.5, 0.5, 10.625]},
			"faces": {
				"north": {"uv": [0, 0, 1.5, 1], "texture": "#0"},
				"east": {"uv": [0, 0, 1.8125, 1], "texture": "#0"},
				"south": {"uv": [0, 0, 1.5, 1], "texture": "#0"},
				"west": {"uv": [0, 0, 1.8125, 1], "texture": "#0"},
				"up": {"uv": [0, 0, 1.5, 1.8125], "texture": "#0"},
				"down": {"uv": [0, 0, 1.5, 1.8125], "texture": "#0"}
			}
		},
		{
			"from": [7.75, 1.25, 11],
			"to": [9.25, 3.75, 12],
			"rotation": {"angle": 0, "axis": "y", "origin": [15, 8, 19]},
			"faces": {
				"north": {"uv": [0, 0, 1.5, 2.5], "texture": "#0"},
				"east": {"uv": [0, 0, 1, 2.5], "texture": "#0"},
				"south": {"uv": [0, 0, 1.5, 2.5], "texture": "#0"},
				"west": {"uv": [0, 0, 1, 2.5], "texture": "#0"},
				"up": {"uv": [0, 0, 1.5, 1], "texture": "#0"},
				"down": {"uv": [0, 0, 1.5, 1], "texture": "#0"}
			}
		},
		{
			"name": "octagon",
			"from": [8.75074, 5.2, 0.25],
			"to": [8.99926, 5.4, 0.5],
			"rotation": {"angle": 45, "axis": "z", "origin": [8.875, 5.5, 1.25]},
			"faces": {
				"north": {"uv": [0, 15, 1, 16], "texture": "#0"},
				"east": {"uv": [0, 15, 1, 16], "texture": "#0"},
				"south": {"uv": [0, 15, 1, 16], "texture": "#0"},
				"west": {"uv": [0, 15, 1, 16], "texture": "#0"},
				"up": {"uv": [0, 15, 1, 16], "texture": "#0"},
				"down": {"uv": [0, 15, 1, 16], "texture": "#0"}
			}
		},
		{
			"name": "octagon",
			"from": [8.75074, 5.2, 0.25],
			"to": [8.99926, 5.4, 0.5],
			"rotation": {"angle": 0, "axis": "z", "origin": [8.875, 5.5, 1.25]},
			"faces": {
				"north": {"uv": [0, 15, 1, 16], "texture": "#0"},
				"east": {"uv": [0, 15, 1, 16], "texture": "#0"},
				"south": {"uv": [0, 15, 1, 16], "texture": "#0"},
				"west": {"uv": [0, 15, 1, 16], "texture": "#0"},
				"up": {"uv": [0, 15, 1, 16], "texture": "#0"},
				"down": {"uv": [0, 15, 1, 16], "texture": "#0"}
			}
		},
		{
			"name": "octagon",
			"from": [8.75074, 5.6, 0.25],
			"to": [8.99926, 5.8, 0.5],
			"rotation": {"angle": 45, "axis": "z", "origin": [8.875, 5.5, 1.25]},
			"faces": {
				"north": {"uv": [0, 15, 1, 16], "texture": "#0"},
				"east": {"uv": [0, 15, 1, 16], "texture": "#0"},
				"south": {"uv": [0, 15, 1, 16], "texture": "#0"},
				"west": {"uv": [0, 15, 1, 16], "texture": "#0"},
				"up": {"uv": [0, 15, 1, 16], "texture": "#0"},
				"down": {"uv": [0, 15, 1, 16], "texture": "#0"}
			}
		},
		{
			"name": "octagon",
			"from": [8.75074, 5.6, 0.25],
			"to": [8.99926, 5.8, 0.5],
			"rotation": {"angle": 0, "axis": "z", "origin": [8.875, 5.5, 1.25]},
			"faces": {
				"north": {"uv": [0, 15, 1, 16], "texture": "#0"},
				"east": {"uv": [0, 15, 1, 16], "texture": "#0"},
				"south": {"uv": [0, 15, 1, 16], "texture": "#0"},
				"west": {"uv": [0, 15, 1, 16], "texture": "#0"},
				"up": {"uv": [0, 15, 1, 16], "texture": "#0"},
				"down": {"uv": [0, 15, 1, 16], "texture": "#0"}
			}
		},
		{
			"name": "octagon",
			"from": [8.575, 5.37574, 0.25],
			"to": [8.775, 5.62426, 0.5],
			"rotation": {"angle": 45, "axis": "z", "origin": [8.875, 5.5, 1.25]},
			"faces": {
				"north": {"uv": [0, 15, 1, 16], "texture": "#0"},
				"east": {"uv": [0, 15, 1, 16], "texture": "#0"},
				"south": {"uv": [0, 15, 1, 16], "texture": "#0"},
				"west": {"uv": [0, 15, 1, 16], "texture": "#0"},
				"up": {"uv": [0, 15, 1, 16], "texture": "#0"},
				"down": {"uv": [0, 15, 1, 16], "texture": "#0"}
			}
		},
		{
			"name": "octagon",
			"from": [8.575, 5.37574, 0.25],
			"to": [8.775, 5.62426, 0.5],
			"rotation": {"angle": 0, "axis": "z", "origin": [8.875, 5.5, 1.25]},
			"faces": {
				"north": {"uv": [0, 15, 1, 16], "texture": "#0"},
				"east": {"uv": [0, 15, 1, 16], "texture": "#0"},
				"south": {"uv": [0, 15, 1, 16], "texture": "#0"},
				"west": {"uv": [0, 15, 1, 16], "texture": "#0"},
				"up": {"uv": [0, 15, 1, 16], "texture": "#0"},
				"down": {"uv": [0, 15, 1, 16], "texture": "#0"}
			}
		},
		{
			"name": "octagon",
			"from": [8.975, 5.37574, 0.25],
			"to": [9.175, 5.62426, 0.5],
			"rotation": {"angle": 45, "axis": "z", "origin": [8.875, 5.5, 1.25]},
			"faces": {
				"north": {"uv": [0, 15, 1, 16], "texture": "#0"},
				"east": {"uv": [0, 15, 1, 16], "texture": "#0"},
				"south": {"uv": [0, 15, 1, 16], "texture": "#0"},
				"west": {"uv": [0, 15, 1, 16], "texture": "#0"},
				"up": {"uv": [0, 15, 1, 16], "texture": "#0"},
				"down": {"uv": [0, 15, 1, 16], "texture": "#0"}
			}
		},
		{
			"name": "octagon",
			"from": [8.975, 5.37574, 0.25],
			"to": [9.175, 5.62426, 0.5],
			"rotation": {"angle": 0, "axis": "z", "origin": [8.875, 5.5, 1.25]},
			"faces": {
				"north": {"uv": [0, 15, 1, 16], "texture": "#0"},
				"east": {"uv": [0, 15, 1, 16], "texture": "#0"},
				"south": {"uv": [0, 15, 1, 16], "texture": "#0"},
				"west": {"uv": [0, 15, 1, 16], "texture": "#0"},
				"up": {"uv": [0, 15, 1, 16], "texture": "#0"},
				"down": {"uv": [0, 15, 1, 16], "texture": "#0"}
			}
		},
		{
			"name": "octagon",
			"from": [8.70931, 4.2875, 0.25],
			"to": [9.04069, 4.4875, 2],
			"rotation": {"angle": 45, "axis": "z", "origin": [8.875, 4.6875, 0]},
			"faces": {
				"north": {"uv": [3, 15, 4, 16], "texture": "#0"},
				"east": {"uv": [3, 15, 4, 16], "texture": "#0"},
				"south": {"uv": [3, 15, 4, 16], "texture": "#0"},
				"west": {"uv": [3, 15, 4, 16], "texture": "#0"},
				"up": {"uv": [3, 15, 4, 16], "texture": "#0"},
				"down": {"uv": [3, 15, 4, 16], "texture": "#0"}
			}
		},
		{
			"name": "octagon",
			"from": [8.70931, 4.2875, 0.25],
			"to": [9.04069, 4.4875, 2],
			"rotation": {"angle": 0, "axis": "z", "origin": [8.875, 4.6875, 0]},
			"faces": {
				"north": {"uv": [3, 15, 4, 16], "texture": "#0"},
				"east": {"uv": [3, 15, 4, 16], "texture": "#0"},
				"south": {"uv": [3, 15, 4, 16], "texture": "#0"},
				"west": {"uv": [3, 15, 4, 16], "texture": "#0"},
				"up": {"uv": [3, 15, 4, 16], "texture": "#0"},
				"down": {"uv": [3, 15, 4, 16], "texture": "#0"}
			}
		},
		{
			"name": "octagon",
			"from": [8.70931, 4.8875, 0.25],
			"to": [9.04069, 5.0875, 2],
			"rotation": {"angle": 45, "axis": "z", "origin": [8.875, 4.6875, 0]},
			"faces": {
				"north": {"uv": [3, 15, 4, 16], "texture": "#0"},
				"east": {"uv": [3, 15, 4, 16], "texture": "#0"},
				"south": {"uv": [3, 15, 4, 16], "texture": "#0"},
				"west": {"uv": [3, 15, 4, 16], "texture": "#0"},
				"up": {"uv": [3, 15, 4, 16], "texture": "#0"},
				"down": {"uv": [3, 15, 4, 16], "texture": "#0"}
			}
		},
		{
			"name": "octagon",
			"from": [8.70931, 4.8875, 0.25],
			"to": [9.04069, 5.0875, 2],
			"rotation": {"angle": 0, "axis": "z", "origin": [8.875, 4.6875, 0]},
			"faces": {
				"north": {"uv": [3, 15, 4, 16], "texture": "#0"},
				"east": {"uv": [3, 15, 4, 16], "texture": "#0"},
				"south": {"uv": [3, 15, 4, 16], "texture": "#0"},
				"west": {"uv": [3, 15, 4, 16], "texture": "#0"},
				"up": {"uv": [3, 15, 4, 16], "texture": "#0"},
				"down": {"uv": [3, 15, 4, 16], "texture": "#0"}
			}
		},
		{
			"name": "octagon",
			"from": [8.475, 4.52181, 0.25],
			"to": [8.675, 4.85319, 2],
			"rotation": {"angle": 45, "axis": "z", "origin": [8.875, 4.6875, 0]},
			"faces": {
				"north": {"uv": [3, 15, 4, 16], "texture": "#0"},
				"east": {"uv": [3, 15, 4, 16], "texture": "#0"},
				"south": {"uv": [3, 15, 4, 16], "texture": "#0"},
				"west": {"uv": [3, 15, 4, 16], "texture": "#0"},
				"up": {"uv": [3, 15, 4, 16], "texture": "#0"},
				"down": {"uv": [3, 15, 4, 16], "texture": "#0"}
			}
		},
		{
			"name": "octagon",
			"from": [8.475, 4.52181, 0.25],
			"to": [8.675, 4.85319, 2],
			"rotation": {"angle": 0, "axis": "z", "origin": [8.875, 4.6875, 0]},
			"faces": {
				"north": {"uv": [3, 15, 4, 16], "texture": "#0"},
				"east": {"uv": [3, 15, 4, 16], "texture": "#0"},
				"south": {"uv": [3, 15, 4, 16], "texture": "#0"},
				"west": {"uv": [3, 15, 4, 16], "texture": "#0"},
				"up": {"uv": [3, 15, 4, 16], "texture": "#0"},
				"down": {"uv": [3, 15, 4, 16], "texture": "#0"}
			}
		},
		{
			"name": "octagon",
			"from": [9.075, 4.52181, 0.25],
			"to": [9.275, 4.85319, 2],
			"rotation": {"angle": 45, "axis": "z", "origin": [8.875, 4.6875, 0]},
			"faces": {
				"north": {"uv": [3, 15, 4, 16], "texture": "#0"},
				"east": {"uv": [3, 15, 4, 16], "texture": "#0"},
				"south": {"uv": [3, 15, 4, 16], "texture": "#0"},
				"west": {"uv": [3, 15, 4, 16], "texture": "#0"},
				"up": {"uv": [3, 15, 4, 16], "texture": "#0"},
				"down": {"uv": [3, 15, 4, 16], "texture": "#0"}
			}
		},
		{
			"name": "octagon",
			"from": [9.075, 4.52181, 0.25],
			"to": [9.275, 4.85319, 2],
			"rotation": {"angle": 0, "axis": "z", "origin": [8.875, 4.6875, 0]},
			"faces": {
				"north": {"uv": [3, 15, 4, 16], "texture": "#0"},
				"east": {"uv": [3, 15, 4, 16], "texture": "#0"},
				"south": {"uv": [3, 15, 4, 16], "texture": "#0"},
				"west": {"uv": [3, 15, 4, 16], "texture": "#0"},
				"up": {"uv": [3, 15, 4, 16], "texture": "#0"},
				"down": {"uv": [3, 15, 4, 16], "texture": "#0"}
			}
		}
	],
	"display": {
		"thirdperson_righthand": {
			"rotation": [0, -180, 0],
			"translation": [0.5, 3.5, -1.5]
		},
		"thirdperson_lefthand": {
			"rotation": [0, -180, 0],
			"translation": [0, 3.5, -1.5]
		},
		"firstperson_righthand": {
			"rotation": [0, -180, 0],
			"translation": [0, 8.75, -0.5]
		},
		"firstperson_lefthand": {
			"translation": [0, -5, 0]
		},
		"ground": {
			"rotation": [0, 0, 90],
			"translation": [-3.5, -2.75, 0.5]
		},
		"gui": {
			"rotation": [18, -119, 0],
			"translation": [-0.5, 4.5, 0]
		},
		"fixed": {
			"rotation": [0, 90, 0],
			"translation": [1, 4.5, 0]
		}
	},
	"groups": [0, 1, 2, 3, 4, 5, 6, 7, 8, 9, 10, 11, 12, 13, 14, 15, 16, 17, 18, 19, 20, 21,
		{
			"name": "octagon",
			"origin": [8, 8, 8],
			"children": [22, 23, 24, 25, 26, 27, 28, 29]
		},
		{
			"name": "octagon",
			"origin": [8, 8, 8],
			"children": [30, 31, 32, 33, 34, 35, 36, 37]
		}
	]
}