{
	"credit": "Made with Blockbench",
	"textures": {
		"0": "pistol_texture",
		"particle": "pistol_texture"
	},
	"elements": [
		{
			"name": "handle",
			"from": [12.375, 1, 4.25],
			"to": [14.875, 8, 6.75],
			"rotation": {"angle": 22.5, "axis": "z", "origin": [13.625, 4.5, 5.5]},
			"faces": {
				"north": {"uv": [0, 0, 3, 7], "texture": "#0"},
				"east": {"uv": [0, 0, 3, 7], "texture": "#0"},
				"south": {"uv": [0, 0, 3, 7], "texture": "#0"},
				"west": {"uv": [0, 0, 3, 7], "texture": "#0"},
				"up": {"uv": [0, 0, 3, 3], "texture": "#0"},
				"down": {"uv": [0, 0, 3, 3], "texture": "#0"}
			}
		},
		{
			"from": [4, 7, 4],
			"to": [14, 9, 7],
			"rotation": {"angle": 0, "axis": "y", "origin": [21, 15, 14]},
			"faces": {
				"north": {"uv": [3, 0, 16, 2], "texture": "#0"},
				"east": {"uv": [13, 0, 16, 2], "texture": "#0"},
				"south": {"uv": [3, 0, 16, 2], "texture": "#0"},
				"west": {"uv": [3, 4, 6, 7], "texture": "#0"},
				"up": {"uv": [3, 0, 16, 3], "texture": "#0"},
				"down": {"uv": [3, 0, 16, 3], "texture": "#0"}
			}
		},
		{
			"from": [4.125, 9, 5.25],
			"to": [5.375, 9.5, 5.75],
			"rotation": {"angle": 0, "axis": "y", "origin": [12.125, 17, 13]},
			"faces": {
				"north": {"uv": [7, 2, 8.25, 2.5], "texture": "#0"},
				"east": {"uv": [13, 0, 13.5, 0.5], "texture": "#0"},
				"south": {"uv": [4, 1, 5.25, 1.5], "texture": "#0"},
				"west": {"uv": [14, 1, 14.5, 1.5], "texture": "#0"},
				"up": {"uv": [10, 0, 11.25, 0.5], "texture": "#0"},
				"down": {"uv": [7, 0, 8.25, 0.5], "texture": "#0"}
			}
		},
		{
			"from": [9, 3.75, 5],
			"to": [10, 9, 6],
			"rotation": {"angle": 45, "axis": "z", "origin": [9.5, 5, 5.5]},
			"faces": {
				"north": {"uv": [15, 9, 16, 16], "texture": "#0"},
				"east": {"uv": [15, 9, 16, 16], "texture": "#0"},
				"south": {"uv": [15, 9, 16, 16], "texture": "#0"},
				"west": {"uv": [15, 9, 16, 16], "texture": "#0"},
				"up": {"uv": [0, 0, 1, 1], "texture": "#0"},
				"down": {"uv": [0, 0, 1, 1], "texture": "#0"}
			}
		},
		{
			"from": [10, 3.75, 5],
			"to": [13.5, 4.75, 6],
			"rotation": {"angle": 0, "axis": "z", "origin": [14, 4.25, 5.5]},
			"faces": {
				"north": {"uv": [15, 9, 16, 16], "rotation": 90, "texture": "#0"},
				"east": {"uv": [0, 0, 1, 1], "rotation": 270, "texture": "#0"},
				"south": {"uv": [15, 9, 16, 16], "rotation": 270, "texture": "#0"},
				"west": {"uv": [0, 0, 1, 1], "rotation": 270, "texture": "#0"},
				"up": {"uv": [15, 9, 16, 16], "rotation": 270, "texture": "#0"},
				"down": {"uv": [15, 9, 16, 16], "rotation": 270, "texture": "#0"}
			}
		},
		{
			"from": [10.5, 5.75, 5.25],
			"to": [11.75, 7, 5.75],
			"rotation": {"angle": 0, "axis": "y", "origin": [18.5, 14, 13]},
			"faces": {
				"north": {"uv": [0, 7, 1, 8.25], "texture": "#0"},
				"east": {"uv": [0, 7, 0.5, 8.25], "texture": "#0"},
				"south": {"uv": [0, 7, 1, 8.25], "texture": "#0"},
				"west": {"uv": [0, 7, 0.5, 8.25], "texture": "#0"},
				"up": {"uv": [0, 0, 1, 0.5], "texture": "#0"},
				"down": {"uv": [0, 7, 1, 7.5], "texture": "#0"}
			}
		}
	],
	"gui_light": "front",
	"display": {
		"thirdperson_righthand": {
			"rotation": [0, -90, 0],
			"translation": [-2, 1.25, -2.75],
			"scale": [0.8, 0.8, 0.8]
		},
		"thirdperson_lefthand": {
			"rotation": [0, 90, -24],
			"translation": [0.75, -4.75, -3.25],
			"scale": [0.75, 0.75, 0.75]
		},
		"firstperson_righthand": {
			"rotation": [0, -98, 0],
			"translation": [-1, 3.5, 0]
		},
		"firstperson_lefthand": {
			"translation": [0, -6, 0]
		},
		"ground": {
			"rotation": [90, 0, 0],
			"translation": [-2.25, -5, 2.75]
		},
		"gui": {
			"rotation": [10, -26, 5],
			"translation": [-3.25, 2, 0]
		},
		"fixed": {
			"rotation": [0, -180, 0],
			"translation": [1.5, 2.25, -3.25]
		}
	}
}