{
	"credit": "Made with Blockbench",
	"textures": {
		"0": "sniper_rifle",
		"particle": "sniper_rifle"
	},
	"elements": [
		{
			"from": [4.5, 0.8125, 6.6875],
			"to": [5.375, 3, 7.8125],
			"rotation": {"angle": 0, "axis": "z", "origin": [2.25, 0.75, 7.25]},
			"faces": {
				"north": {"uv": [8, 4, 13, 8], "texture": "#0"},
				"east": {"uv": [10, 4, 13, 8], "texture": "#0"},
				"south": {"uv": [8, 4, 13, 8], "texture": "#0"},
				"west": {"uv": [10, 4, 13, 8], "texture": "#0"},
				"up": {"uv": [10, 5, 13, 8], "texture": "#0"},
				"down": {"uv": [10, 5, 13, 8], "texture": "#0"}
			}
		},
		{
			"from": [4.4375, 0.625, 6.625],
			"to": [5.4375, 0.8125, 7.875],
			"rotation": {"angle": 0, "axis": "z", "origin": [2.25, -0.4375, 7.25]},
			"faces": {
				"north": {"uv": [10, 7, 13, 8], "texture": "#0"},
				"east": {"uv": [11, 7, 13, 8], "texture": "#0"},
				"south": {"uv": [10, 7, 13, 8], "texture": "#0"},
				"west": {"uv": [10, 7, 12, 8], "texture": "#0"},
				"up": {"uv": [10, 5, 13, 8], "texture": "#0"},
				"down": {"uv": [10, 5, 13, 8], "texture": "#0"}
			}
		}
	],
	"gui_light": "front",
	"display": {
		"thirdperson_righthand": {
			"rotation": [0, 90, 0],
			"translation": [1, 8.25, -5],
			"scale": [1.5, 1.5, 1.5]
		},
		"thirdperson_lefthand": {
			"translation": [-4.5, 7.75, 1],
			"scale": [1.5, 1.5, 1.5]
		},
		"firstperson_righthand": {
			"rotation": [0, 80.5, 0],
			"translation": [4.25, 10.5, -2.5],
			"scale": [1.5, 1.5, 1.5]
		},
		"firstperson_lefthand": {
			"translation": [0, 7.25, 2]
		},
		"ground": {
			"translation": [4, 6.75, 1.75],
			"scale": [1.5, 1.5, 1.5]
		},
		"gui": {
			"rotation": [23, -131, 0],
			"translation": [-5.5, 9.75, 0],
			"scale": [2, 2, 2]
		},
		"fixed": {
			"translation": [6, 12.75, 0],
			"scale": [2, 2, 2]
		}
	}
}