{
	"credit": "Made with Blockbench",
	"textures": {
		"0": "shotgun",
		"particle": "shotgun"
	},
	"elements": [
		{
			"from": [1.75, 0.75, 5.25],
			"to": [4.5, 5.75, 7.75],
			"rotation": {"angle": -22.5, "axis": "z", "origin": [3.125, 3.25, 6.5]},
			"faces": {
				"north": {"uv": [0, 0, 3, 5], "texture": "#0"},
				"east": {"uv": [0, 0, 3, 5], "texture": "#0"},
				"south": {"uv": [0, 0, 3, 5], "texture": "#0"},
				"west": {"uv": [0, 0, 3, 5], "texture": "#0"},
				"up": {"uv": [0, 0, 3, 3], "texture": "#0"},
				"down": {"uv": [0, 0, 3, 3], "texture": "#0"}
			}
		},
		{
			"from": [2, 5, 5],
			"to": [18, 7, 8],
			"rotation": {"angle": 0, "axis": "y", "origin": [10, 13, 13]},
			"faces": {
				"north": {"uv": [0, 14, 16, 16], "texture": "#0"},
				"east": {"uv": [5, 5, 8, 8], "texture": "#0"},
				"south": {"uv": [0, 14, 16, 16], "texture": "#0"},
				"west": {"uv": [6, 14, 9, 16], "texture": "#0"},
				"up": {"uv": [0, 13, 16, 16], "texture": "#0"},
				"down": {"uv": [0, 13, 16, 16], "texture": "#0"}
			}
		},
		{
			"from": [7, 3.5, 5.3125],
			"to": [7.5, 5.5, 7.6875],
			"rotation": {"angle": -22.5, "axis": "z", "origin": [7.5, 5, 6.5]},
			"faces": {
				"north": {"uv": [0, 0, 2, 0.5], "rotation": 90, "texture": "#0"},
				"east": {"uv": [0, 0, 2, 2.875], "rotation": 270, "texture": "#0"},
				"south": {"uv": [0, 0, 2, 0.5], "rotation": 270, "texture": "#0"},
				"west": {"uv": [0, 0, 2, 2.875], "rotation": 270, "texture": "#0"},
				"up": {"uv": [0, 0, 2.875, 0.5], "rotation": 270, "texture": "#0"},
				"down": {"uv": [0, 0, 2.875, 0.5], "rotation": 270, "texture": "#0"}
			}
		},
		{
			"from": [4.64019, 3.38373, 5.3125],
			"to": [6.95269, 3.88373, 7.6875],
			"rotation": {"angle": 0, "axis": "z", "origin": [5.95269, 3.63373, 6.5]},
			"faces": {
				"north": {"uv": [0, 0, 2, 0.5], "texture": "#0"},
				"east": {"uv": [0, 0, 2.875, 0.5], "texture": "#0"},
				"south": {"uv": [0, 0, 2, 0.5], "texture": "#0"},
				"west": {"uv": [0, 0, 2.875, 0.5], "texture": "#0"},
				"up": {"uv": [0, 0, 2, 2.875], "texture": "#0"},
				"down": {"uv": [0, 0, 2, 2.875], "texture": "#0"}
			}
		},
		{
			"from": [4.95269, 4.25873, 5.75],
			"to": [5.70269, 5.13373, 7.25],
			"rotation": {"angle": 0, "axis": "z", "origin": [5.95269, 4.88373, 6.5]},
			"faces": {
				"north": {"uv": [14, 3, 14.75, 3.875], "texture": "#0"},
				"east": {"uv": [13, 0, 14.5, 0.875], "texture": "#0"},
				"south": {"uv": [14, 3, 14.75, 3.875], "texture": "#0"},
				"west": {"uv": [14, 3, 15.5, 3.875], "texture": "#0"},
				"up": {"uv": [14, 1, 14.75, 2.5], "texture": "#0"},
				"down": {"uv": [15, 4, 15.75, 5.5], "texture": "#0"}
			}
		},
		{
			"from": [10, 4, 5.25],
			"to": [17, 5, 7.75],
			"rotation": {"angle": 0, "axis": "y", "origin": [10, 11, 13]},
			"faces": {
				"north": {"uv": [9, 9, 16, 10], "texture": "#0"},
				"east": {"uv": [13, 11, 16, 12], "texture": "#0"},
				"south": {"uv": [9, 9, 16, 10], "texture": "#0"},
				"west": {"uv": [13, 11, 16, 12], "texture": "#0"},
				"up": {"uv": [4, 10, 11, 13], "texture": "#0"},
				"down": {"uv": [4, 10, 11, 13], "texture": "#0"}
			}
		},
		{
			"from": [16.25, 7, 6],
			"to": [17.75, 7.5, 7],
			"rotation": {"angle": 0, "axis": "y", "origin": [11, 14, 13]},
			"faces": {
				"north": {"uv": [13, 6, 14.5, 6.5], "texture": "#0"},
				"east": {"uv": [15, 2, 16, 2.5], "texture": "#0"},
				"south": {"uv": [13, 6, 14.5, 6.5], "texture": "#0"},
				"west": {"uv": [15, 1, 16, 1.5], "texture": "#0"},
				"up": {"uv": [14, 5, 15.5, 6], "texture": "#0"},
				"down": {"uv": [14, 5, 15.5, 6], "texture": "#0"}
			}
		}
	],
	"gui_light": "front",
	"display": {
		"thirdperson_righthand": {
			"rotation": [0, 90, 0],
			"translation": [1.25, 3.25, -2.5]
		},
		"thirdperson_lefthand": {
			"rotation": [-180, -64, -160],
			"translation": [-8.75, -2.75, 8.5]
		},
		"firstperson_righthand": {
			"rotation": [0, 80, 0],
			"translation": [3, 4.75, -1]
		},
		"firstperson_lefthand": {
			"translation": [0, -3.75, 0]
		},
		"ground": {
			"rotation": [90, 0, 0],
			"translation": [-1.25, -4.5, 2.75]
		},
		"gui": {
			"rotation": [9, 145, 0],
			"translation": [2, 4, 0]
		},
		"fixed": {
			"translation": [-1.5, 4.5, 0]
		}
	}
}