{
	"credit": "Made with Blockbench",
	"textures": {
		"0": "sniper_rifle",
		"particle": "sniper_rifle"
	},
	"elements": [
		{
			"from": [0.5, 0, 6.6875],
			"to": [2, 2.5, 7.8125],
			"rotation": {"angle": -22.5, "axis": "z", "origin": [1.25, 1.25, 7.25]},
			"faces": {
				"north": {"uv": [0, 0, 3, 5], "texture": "#0"},
				"east": {"uv": [0, 0, 3, 5], "texture": "#0"},
				"south": {"uv": [0, 0, 3, 5], "texture": "#0"},
				"west": {"uv": [0, 0, 3, 5], "texture": "#0"},
				"up": {"uv": [0, 0, 3, 3], "texture": "#0"},
				"down": {"uv": [0, 0, 3, 3], "texture": "#0"}
			}
		},
		{
			"from": [3.5, 0.5, 6.6875],
			"to": [4, 2.5, 7.8125],
			"rotation": {"angle": -22.5, "axis": "z", "origin": [4.25, 1.25, 7.25]},
			"faces": {
				"north": {"uv": [0, 0, 3, 5], "texture": "#0"},
				"east": {"uv": [0, 0, 3, 5], "texture": "#0"},
				"south": {"uv": [0, 0, 3, 5], "texture": "#0"},
				"west": {"uv": [0, 0, 3, 5], "texture": "#0"},
				"up": {"uv": [0, 0, 3, 3], "texture": "#0"},
				"down": {"uv": [0, 0, 3, 3], "texture": "#0"}
			}
		},
		{
			"from": [1.35056, 0.19134, 6.6875],
			"to": [3.78806, 0.69134, 7.8125],
			"rotation": {"angle": 22.5, "axis": "z", "origin": [2.53806, 0.44134, 7.25]},
			"faces": {
				"north": {"uv": [0, 0, 3, 5], "rotation": 270, "texture": "#0"},
				"east": {"uv": [0, 0, 3, 3], "rotation": 90, "texture": "#0"},
				"south": {"uv": [0, 0, 3, 5], "rotation": 90, "texture": "#0"},
				"west": {"uv": [0, 0, 3, 3], "rotation": 90, "texture": "#0"},
				"up": {"uv": [0, 0, 3, 5], "rotation": 90, "texture": "#0"},
				"down": {"uv": [0, 0, 3, 5], "rotation": 90, "texture": "#0"}
			}
		},
		{
			"from": [1, 2, 6.5],
			"to": [12, 3, 8],
			"rotation": {"angle": 0, "axis": "z", "origin": [1.75, 1.75, 7.25]},
			"faces": {
				"north": {"uv": [0, 13, 16, 15], "texture": "#0"},
				"east": {"uv": [13, 14, 16, 16], "texture": "#0"},
				"south": {"uv": [0, 14, 16, 16], "texture": "#0"},
				"west": {"uv": [11, 13, 14, 15], "texture": "#0"},
				"up": {"uv": [0, 13, 16, 16], "texture": "#0"},
				"down": {"uv": [0, 13, 16, 16], "texture": "#0"}
			}
		},
		{
			"from": [4.5, 0.8125, 6.6875],
			"to": [5.375, 2, 7.8125],
			"rotation": {"angle": 0, "axis": "z", "origin": [2.25, 0.75, 7.25]},
			"faces": {
				"north": {"uv": [8, 4, 13, 8], "texture": "#0"},
				"east": {"uv": [10, 4, 13, 8], "texture": "#0"},
				"south": {"uv": [8, 4, 13, 8], "texture": "#0"},
				"west": {"uv": [10, 4, 13, 8], "texture": "#0"},
				"up": {"uv": [10, 5, 13, 8], "texture": "#0"},
				"down": {"uv": [10, 5, 13, 8], "texture": "#0"}
			}
		},
		{
			"from": [4.4375, 0.625, 6.625],
			"to": [5.4375, 0.8125, 7.875],
			"rotation": {"angle": 0, "axis": "z", "origin": [2.25, -0.4375, 7.25]},
			"faces": {
				"north": {"uv": [10, 7, 13, 8], "texture": "#0"},
				"east": {"uv": [11, 7, 13, 8], "texture": "#0"},
				"south": {"uv": [10, 7, 13, 8], "texture": "#0"},
				"west": {"uv": [10, 7, 12, 8], "texture": "#0"},
				"up": {"uv": [10, 5, 13, 8], "texture": "#0"},
				"down": {"uv": [10, 5, 13, 8], "texture": "#0"}
			}
		},
		{
			"from": [3, 3, 6.5],
			"to": [5, 3.25, 8],
			"rotation": {"angle": 0, "axis": "z", "origin": [3.75, 2.75, 7.25]},
			"faces": {
				"north": {"uv": [11, 9, 15, 10], "texture": "#0"},
				"east": {"uv": [11, 8, 13, 9], "texture": "#0"},
				"south": {"uv": [12, 8, 16, 9], "texture": "#0"},
				"west": {"uv": [14, 8, 16, 9], "texture": "#0"},
				"up": {"uv": [11, 8, 16, 10], "texture": "#0"},
				"down": {"uv": [11, 8, 16, 10], "texture": "#0"}
			}
		},
		{
			"from": [3, 3.25, 7],
			"to": [5, 4, 7.5],
			"rotation": {"angle": 0, "axis": "z", "origin": [3.75, 3.75, 7.25]},
			"faces": {
				"north": {"uv": [11, 8, 16, 10], "texture": "#0"},
				"east": {"uv": [0, 0, 3, 2], "texture": "#0"},
				"south": {"uv": [11, 8, 16, 10], "texture": "#0"},
				"west": {"uv": [13, 8, 16, 10], "texture": "#0"},
				"up": {"uv": [11, 8, 16, 10], "texture": "#0"},
				"down": {"uv": [11, 8, 16, 10], "texture": "#0"}
			}
		},
		{
			"from": [5, 3.1875, 6.75],
			"to": [7, 4.1875, 7.75],
			"rotation": {"angle": 0, "axis": "y", "origin": [6.25, 3.6875, 7.25]},
			"faces": {
				"north": {"uv": [11, 8, 16, 10], "texture": "#0"},
				"east": {"uv": [4, 9, 8, 13], "texture": "#0"},
				"south": {"uv": [11, 8, 16, 10], "texture": "#0"},
				"west": {"uv": [11, 8, 15, 12], "texture": "#0"},
				"up": {"uv": [11, 8, 16, 10], "rotation": 180, "texture": "#0"},
				"down": {"uv": [11, 8, 16, 10], "rotation": 180, "texture": "#0"}
			}
		},
		{
			"from": [1, 3.3125, 6.875],
			"to": [3, 4.0625, 7.625],
			"rotation": {"angle": 0, "axis": "y", "origin": [2.25, 3.6875, 7.25]},
			"faces": {
				"north": {"uv": [12, 8, 16, 10], "texture": "#0"},
				"east": {"uv": [13, 8, 16, 10], "texture": "#0"},
				"south": {"uv": [12, 8, 16, 10], "texture": "#0"},
				"west": {"uv": [4, 9, 8, 13], "texture": "#0"},
				"up": {"uv": [12, 8, 16, 10], "rotation": 180, "texture": "#0"},
				"down": {"uv": [12, 8, 16, 10], "rotation": 180, "texture": "#0"}
			}
		},
		{
			"from": [-0.75, 2.25, 6.5],
			"to": [1, 3, 8],
			"rotation": {"angle": 0, "axis": "z", "origin": [-9.25, 1.75, 7.25]},
			"faces": {
				"north": {"uv": [0, 0, 5, 2], "texture": "#0"},
				"east": {"uv": [0, 0, 3, 2], "texture": "#0"},
				"south": {"uv": [0, 0, 5, 2], "texture": "#0"},
				"west": {"uv": [0, 0, 3, 2], "texture": "#0"},
				"up": {"uv": [0, 0, 5, 3], "texture": "#0"},
				"down": {"uv": [0, 0, 5, 3], "texture": "#0"}
			}
		},
		{
			"from": [-2, 1.25, 6.5],
			"to": [-0.75, 3, 8],
			"rotation": {"angle": 0, "axis": "z", "origin": [-9.25, 1.75, 7.25]},
			"faces": {
				"north": {"uv": [0, 0, 3, 5], "texture": "#0"},
				"east": {"uv": [0, 0, 3, 2], "texture": "#0"},
				"south": {"uv": [0, 0, 3, 5], "texture": "#0"},
				"west": {"uv": [0, 0, 3, 2], "texture": "#0"},
				"up": {"uv": [0, 0, 3, 3], "texture": "#0"},
				"down": {"uv": [0, 3, 3, 6], "texture": "#0"}
			}
		},
		{
			"from": [12, 2.3125, 6.875],
			"to": [18.5, 2.6875, 7.625],
			"rotation": {"angle": 0, "axis": "z", "origin": [4.75, 1.75, 7.25]},
			"faces": {
				"north": {"uv": [0, 13, 16, 15], "texture": "#0"},
				"east": {"uv": [8, 14, 11, 16], "texture": "#0"},
				"south": {"uv": [0, 14, 16, 16], "texture": "#0"},
				"west": {"uv": [2, 14, 5, 16], "texture": "#0"},
				"up": {"uv": [0, 13, 16, 16], "texture": "#0"},
				"down": {"uv": [0, 13, 16, 16], "texture": "#0"}
			}
		},
		{
			"from": [18.5, 2.0625, 6.625],
			"to": [20, 2.9375, 7.875],
			"rotation": {"angle": 0, "axis": "z", "origin": [11.25, 1.75, 7.25]},
			"faces": {
				"north": {"uv": [6, 13, 10, 15], "texture": "#0"},
				"east": {"uv": [0, 9, 4, 13], "texture": "#0"},
				"south": {"uv": [9, 14, 13, 16], "texture": "#0"},
				"west": {"uv": [0, 13, 3, 15], "texture": "#0"},
				"up": {"uv": [4, 13, 8, 16], "texture": "#0"},
				"down": {"uv": [0, 13, 4, 16], "texture": "#0"}
			}
		}
	],
	"gui_light": "front",
	"display": {
		"thirdperson_righthand": {
			"rotation": [0, 90, 0],
			"translation": [0.25, 9, -6.25],
			"scale": [1.5, 1.5, 1.5]
		},
		"thirdperson_lefthand": {
			"rotation": [-116, 0, 46],
			"translation": [-12.25, -6.5, 3.5],
			"scale": [1.5, 1.5, 1.5]
		},
		"firstperson_righthand": {
			"rotation": [0, 80.5, 0],
			"translation": [3, 13.25, -4],
			"scale": [1.5, 1.5, 1.5]
		},
		"ground": {
			"rotation": [90, 0, 0],
			"translation": [0, -4, 7.25],
			"scale": [1.5, 1.5, 1.5]
		},
		"gui": {
			"rotation": [14, 147, 0],
			"translation": [0.25, 8.75, 0],
			"scale": [1.5, 1.5, 1.5]
		},
		"fixed": {
			"translation": [0, 9, 0],
			"scale": [2, 2, 2]
		}
	}
}