{
    "pools": [
      {
        "rolls": 1,
        "entries": [
          {
            "type": "minecraft:item",
            "weight": 1,
            "quality": 3,
            "name": "minecraft:iron_nugget"
          },
          {
            "type": "minecraft:item",
            "weight": 1,
            "quality": 1,
            "name": "minecraft:air"
          }
        ]
      },
      {
        "rolls": 3,
        "entries": [
          {
            "type": "minecraft:item",
            "weight": 2,
            "quality": 1,
            "name": "minecraft:iron_nugget"
          },
          {
            "type": "minecraft:item",
            "weight": 1,
            "quality": 2,
            "name": "minecraft:bone"
          }
        ]
      }
    ]
  }