{
  "ray_gun": {
    "sounds": [
      {
        "name": "sfx/ray_gun",
        "stream": "true"
      }
    ]
  },

  "laser_shield": {
    "sounds": [
      {
        "name": "sfx/laser_shield",
        "stream": "true"
      }
    ]
  },

  "combat_shotgun_cocking": {
    "sounds": [
      {
        "name": "sfx/combat_shotgun_cocking",
        "stream": "true"
      }
    ]
  },

  "shotgun_cocking": {
    "sounds": [
      {
        "name": "sfx/shotgun_cocking",
        "stream": "true"
      }
    ]
  }
}
