{
  "type": "minecraft:entity",
  "pools": [
    {
      "rolls": 1,
      "entries": [
        {
          "type": "minecraft:item",
          "weight": 1,
          "quality": 1,
          "name": "minecraft:charcoal",
          "functions": [
            {
              "function": "minecraft:set_count",
              "count": {
                "min": 1,
                "max": 4
              }
            }
          ]
        },
        {
          "type": "minecraft:item",
          "weight": 1,
          "quality": 1,
          "name": "minecraft:coal",
          "functions": [
            {
              "function": "minecraft:set_count",
              "count": {
                "min": 1,
                "max": 4
              }
            }
          ]
        }
      ]
    },
    {
      "rolls": 1,
      "entries": [
        {
          "type": "minecraft:item",
          "name": "minecraft:fire_charge",
          "functions": [
            {
              "function": "minecraft:set_count",
              "count": {
                "min": 1,
                "max": 2
              }
            }
          ]
        }
      ],
      "conditions": [
        {
          "condition": "minecraft:random_chance",
          "chance": 0.8
        }
      ]
    },
    {
      "rolls": 1,
      "entries": [
        {
          "type": "minecraft:item",
          "name": "minecraft:spider_eye",
          "functions": [
            {
              "function": "minecraft:set_count",
              "count": {
                "min": 1,
                "max": 2
              }
            },
            {
              "function": "minecraft:set_nbt",
              "tag": "{display:{Name:'{\"text\":\"Zombie Eye\",\"italic\":false}',Lore:['{\"text\":\"Spider eye substitute\",\"color\":\"gray\",\"italic\":false}']}}"
            }
          ]
        }
      ],
      "conditions": [
        {
          "condition": "minecraft:random_chance_with_looting",
          "chance": 0.19,
          "looting_multiplier": 0.01
        }
      ]
    },
    {
      "rolls": 1,
      "entries": [
        {
          "type": "minecraft:item",
          "weight": 1,
          "quality": 1,
          "name": "minecraft:command_block",
          "functions": [
            {
              "function": "minecraft:set_count",
              "count": {
                "min": 4,
                "max": 6
              }
            },
            {
              "function": "minecraft:set_nbt",
              "tag": "{display:{Name:'{\"text\":\"Shotgun Shell\",\"italic\":false,\"color\":\"gold\"}',Lore:['[{\"text\":\"Used in the\",\"color\":\"gray\"},{\"text\":\" Shotgun\",\"color\":\"gold\"}]']},Unbreakable:1b,CustomModelData:13218,shotgun_ammo:1b}"
            }
          ]
        },
        {
          "type": "minecraft:item",
          "weight": 1,
          "quality": 1,
          "name": "minecraft:command_block",
          "functions": [
            {
              "function": "minecraft:set_count",
              "count": {
                "min": 1,
                "max": 2
              }
            },
            {
              "function": "minecraft:set_nbt",
              "tag": "{display:{Name:'{\"text\":\"Sniper Rifle Magazine\",\"italic\":false,\"color\":\"aqua\"}',Lore:['[{\"text\":\"Used in the\",\"color\":\"gray\"},{\"text\":\" Sniper Rifle\",\"color\":\"aqua\"}]']},Unbreakable:1b,CustomModelData:13219,sniper_ammo:1b}"
            }
          ]
        },
        {
          "type": "minecraft:item",
          "weight": 1,
          "quality": 1,
          "name": "minecraft:command_block",
          "functions": [
            {
              "function": "minecraft:set_count",
              "count": {
                "min": 1,
                "max": 2
              }
            },
            {
              "function": "minecraft:set_nbt",
              "tag": "{display: {Name: '{\"text\":\"Pistol Magazine\",\"italic\":false,\"color\":\"yellow\"}',Lore:['[{\"text\":\"Used in the\",\"color\":\"gray\"},{\"text\":\" Pistol\",\"color\":\"yellow\"}]']}, Unbreakable: 1b, CustomModelData: 13216, pistol_ammo: 1b}"
            }
          ]
        },
        {
          "type": "minecraft:item",
          "weight": 1,
          "quality": 1,
          "name": "minecraft:command_block",
          "functions": [
            {
              "function": "minecraft:set_count",
              "count": {
                "min": 1,
                "max": 2
              }
            },
            {
              "function": "minecraft:set_nbt",
              "tag": "{display:{Name:'{\"text\":\"Assault Rifle Magazine\",\"italic\":false,\"color\":\"green\"}',Lore:['[{\"text\":\"Used in the\",\"color\":\"gray\"},{\"text\":\" Assault Rifle\",\"color\":\"green\"}]']},Unbreakable:1b,CustomModelData:13217,assault_ammo:1b}"
            }
          ]
        }
      ],
      "conditions": [
        {
          "condition": "minecraft:random_chance",
          "chance": 0.67
        }
      ]
    },
    {
      "rolls": 1,
      "entries": [
        {
          "type": "minecraft:item",
          "name": "minecraft:written_book",
          "functions": [
            {
              "function": "minecraft:set_nbt",
              "tag": "{display:{Lore:['{\"text\":\"Revision 2\",\"color\":\"dark_gray\",\"italic\":false}']},pages:['[\"\",{\"text\":\"The \"},{\"text\":\"Zombie Virus\",\"color\":\"light_purple\"},{\"text\":\" is a disease that completely takes over the host\\'s body.\\\\n\\\\nPlayers, villagers, and even some animals can become infected.\",\"color\":\"reset\"}]','{\"text\":\"When the victim is infected, they will start to attack any nearby players or villagers.\\\\n\\\\nAnimals aren\\'t attacked by zombies, but can still become infected.\"}','[\"\",{\"text\":\"Fortunatly, a recipe for a cure for this disease has been synthesized.\\\\n\\\\nYou can cure infected players with the \"},{\"text\":\"Zombie Virus Cure\",\"color\":\"light_purple\"},{\"text\":\".\\\\n\\\\nYou can cure villagers and animals with the \",\"color\":\"reset\"},{\"text\":\"Minor Infection Cure\",\"color\":\"gold\"},{\"text\":\".\",\"color\":\"reset\"}]','[\"\",{\"text\":\"The \"},{\"text\":\"Zombie Virus Cure \",\"color\":\"light_purple\"},{\"text\":\"can be crafted with the following:\\\\n\\\\n\",\"color\":\"reset\"},{\"text\":\"Syringe\",\"color\":\"dark_gray\"},{\"text\":\"\\\\n\",\"color\":\"reset\"},{\"text\":\"Golden Apple\",\"color\":\"gold\"},{\"text\":\"\\\\n\",\"color\":\"reset\"},{\"text\":\"Rotten Flesh\",\"color\":\"#986D4F\"},{\"text\":\"\\\\n\",\"color\":\"reset\"},{\"text\":\"Emerald\",\"color\":\"dark_green\"},{\"text\":\"\\\\n\",\"color\":\"reset\"},{\"text\":\"Fermented Spider Eye\",\"color\":\"dark_red\"},{\"text\":\"\\\\n \",\"color\":\"reset\"}]','[\"\",{\"text\":\"The \"},{\"text\":\"Minor Infection Cure\",\"color\":\"gold\"},{\"text\":\" can be crafted with the following:\\\\n\\\\n\",\"color\":\"reset\"},{\"text\":\"Syringe\",\"color\":\"dark_gray\"},{\"text\":\"\\\\n\",\"color\":\"reset\"},{\"text\":\"Syringe\",\"color\":\"dark_gray\"},{\"text\":\"\\\\n\",\"color\":\"reset\"},{\"text\":\"Golden Ingot\",\"color\":\"#F8D501\"},{\"text\":\"\\\\n\",\"color\":\"reset\"},{\"text\":\"Rotten Flesh\\\\nRotten Flesh\\\\nRotten Flesh\",\"color\":\"#986D4F\"},{\"text\":\"\\\\n\",\"color\":\"reset\"},{\"text\":\"Carrot\",\"color\":\"#FF8D3A\"},{\"text\":\"\\\\n\",\"color\":\"reset\"},{\"text\":\"Carrot\",\"color\":\"#FF8D3A\"},{\"text\":\"\\\\n\",\"color\":\"reset\"},{\"text\":\"Emerald\",\"color\":\"dark_green\"}]','{\"text\":\"It doesn\\'t matter how you orient them in the crafting grid. So long as you have all the ingredients.\"}','{\"text\":\"To use either of the Cures you must right click while holding it in your main hand.\\\\n\\\\nThe Minor Infection Cure will cure the nearest villager or animal.\"}','[\"\",{\"text\":\"If you don\\'t know how to craft a syringe, you craft it with 2 glass and 1 iron.\",\"italic\":true},{\"text\":\"\\\\n\\\\n\",\"color\":\"reset\"},{\"text\":\"Glass\\\\nGlass\",\"color\":\"aqua\"},{\"text\":\"\\\\n\",\"color\":\"reset\"},{\"text\":\"Iron\",\"color\":\"gray\"}]'],title:\"The Zombie Virus\",author:\"Terry C. Goodwill\",generation:1}\n"
            }
          ],
          "conditions": [
            {
              "condition": "minecraft:random_chance_with_looting",
              "chance": 0.1,
              "looting_multiplier": 0.1
            }
          ]
        }
      ]
    },
    {
      "rolls": 1,
      "entries": [
        {
          "type": "minecraft:item",
          "name": "minecraft:bone",
          "functions": [
            {
              "function": "minecraft:set_count",
              "count": {
                "min": 1,
                "max": 3
              }
            }
          ]
        }
      ]
    },
    {
      "rolls": 1,
      "entries": [
        {
          "type": "minecraft:item",
          "name": "minecraft:rotten_flesh",
          "functions": [
            {
              "function": "minecraft:set_count",
              "count": {
                "min": 1,
                "max": 3
              }
            }
          ]
        }
      ]
    },
    {
      "rolls": 1,
      "bonus_rolls": 0,
      "entries": [
        {
          "type": "minecraft:item",
          "name": "minecraft:string",
          "functions": [
            {
              "function": "minecraft:set_count",
              "count": {
                "min": 1,
                "max": 2
              }
            }
          ],
          "conditions": [
            {
              "condition": "minecraft:random_chance_with_looting",
              "chance": 0.5,
              "looting_multiplier": 0.1
            }
          ]
        }
      ]
    }
  ]
}
