{
    "type": "minecraft:entity",
    "pools": [
      {
        "rolls": 1,
        "entries": [
          {
            "type": "minecraft:item",
            "name": "minecraft:written_book",
            "functions": [
              {
                "function": "minecraft:set_nbt",
                "tag": "{pages:['{\"text\":\"There is rummered to be a magical item you can craft to cure yourself, if you ever find yourself infected by the zombie virus.\\\\n\\\\nMaybe at the time you\\'re reading this, you are perfectly fine.\\\\n\\\\nBut trust me, it will happen.\"}','[\"\",{\"text\":\"Immediately\",\"italic\":true},{\"text\":\" upon crafting this item, you will \",\"color\":\"reset\"},{\"text\":\"die\",\"italic\":true},{\"text\":\".\\\\nAnd then wake up, free from the zombie virus.\\\\nThis magical item\\'s crafting recipe is on the next page.\\\\n\\\\n\\\\n \\\\u0020 \\\\u0020 \\\\u0020------->\",\"color\":\"reset\"}]','[\"\",{\"text\":\"^ ^ ^\\\\n^ \",\"color\":\"green\"},{\"text\":\"[]\",\"color\":\"dark_green\"},{\"text\":\" ^\\\\n^ ^ ^\",\"color\":\"green\"},{\"text\":\"\\\\n\\\\n\",\"color\":\"reset\"},{\"text\":\"^\",\"color\":\"green\"},{\"text\":\" = Emerald\\\\n\\\\n\",\"color\":\"reset\"},{\"text\":\"[]\",\"color\":\"dark_green\"},{\"text\":\" = Zombie head\\\\n\\\\n\\\\nNote: The zombie head has to be one that belonged to one of the custom zombies.\",\"color\":\"reset\"}]'],title:\"Tattered Book\",author:\"???\",generation:3}"
              }
            ],
            "conditions": [
              {
                "condition": "minecraft:random_chance_with_looting",
                "chance": 0.1,
                "looting_multiplier": 0.1
              }
            ]
          }
        ]
      },
      {
        "rolls": 1,
        "entries": [
          {
            "type": "minecraft:item",
            "name": "minecraft:bone"
          }
        ]
      },
      {
        "rolls": 1,
        "entries": [
          {
            "type": "minecraft:item",
            "name": "minecraft:rotten_flesh"
          }
        ]
      },
      {
        "rolls": 1,
        "entries": [
          {
            "type": "minecraft:item",
            "name": "minecraft:rotten_flesh"
          }
        ]
      },
      {
        "rolls": 1,
        "bonus_rolls": 0,
        "entries": [
          {
            "type": "minecraft:item",
            "name": "minecraft:gunpowder"
          }
        ],
        "functions": [
          {
            "function": "minecraft:set_count",
            "count": 2,
            "add": true
          }
        ],
        "conditions": [
          {
            "condition": "minecraft:random_chance_with_looting",
            "chance": 0.75,
            "looting_multiplier": 0.1
          }
        ]
      }
    ]
  }