{
  "type": "minecraft:entity",
  "pools": [
    {
      "rolls": 1,
      "entries": [
        {
          "type": "minecraft:item",
          "weight": 1,
          "quality": 1,
          "name": "minecraft:carrot_on_a_stick",
          "functions": [
            {
              "function": "minecraft:set_nbt",
              "tag": "{display:{Name:'{\"text\":\"Medkit\",\"italic\":false,\"color\":\"red\"}'},Unbreakable:1b,CustomModelData:13228,medkit:1b,HideFlags:4}"
            }
          ]
        },
        {
          "type": "minecraft:item",
          "weight": 1,
          "quality": 1,
          "name": "minecraft:carrot_on_a_stick",
          "functions": [
            {
              "function": "minecraft:set_nbt",
              "tag": "{display:{Name:'{\"text\":\"Bandage\",\"italic\":false,\"color\":\"red\"}'},Unbreakable:1b,CustomModelData:13247,bandage:1b,HideFlags:4}"
            }
          ]
        }
      ],
      "conditions": [
        {
          "condition": "minecraft:random_chance",
          "chance": 0.096
        }
      ]
    },
    {
      "rolls": 1,
      "entries": [
        {
          "type": "minecraft:item",
          "name": "minecraft:spider_eye",
          "functions": [
            {
              "function": "minecraft:set_count",
              "count": {
                "min": 1,
                "max": 2
              }
            },
            {
              "function": "minecraft:set_nbt",
              "tag": "{display:{Name:'{\"text\":\"Zombie Eye\",\"italic\":false}',Lore:['{\"text\":\"Spider eye substitute\",\"color\":\"gray\",\"italic\":false}']}}"
            }
          ]
        }
      ],
      "conditions": [
        {
          "condition": "minecraft:random_chance_with_looting",
          "chance": 0.19,
          "looting_multiplier": 0.01
        }
      ]
    },
    {
      "rolls": 1,
      "entries": [
        {
          "type": "minecraft:item",
          "weight": 2,
          "quality": 1,
          "name": "minecraft:carrot_on_a_stick",
          "functions": [
            {
              "function": "minecraft:set_nbt",
              "tag": "{display:{Name:'{\"text\":\"Minor Infection Cure\",\"italic\":false,\"color\":\"gold\"}',Lore:['[{\"text\":\"Effects: \",\"color\":\"gray\",\"italic\":false},{\"text\":\"Cures minor infection debuffs\",\"color\":\"dark_aqua\",\"italic\":false}]','{\"text\":\"Can also cure nearby villagers\",\"color\":\"dark_aqua\",\"italic\":false}','{\"text\":\"or animals of the zombie virus\",\"color\":\"dark_aqua\",\"italic\":false}']},Unbreakable:1b,CustomModelData:13258,minor_cure:1b,HideFlags:4}"
            }
          ]
        },
        {
          "type": "minecraft:item",
          "weight": 1,
          "quality": 1,
          "name": "minecraft:carrot_on_a_stick",
          "functions": [
            {
              "function": "minecraft:set_nbt",
              "tag": "{display:{Name:'{\"text\":\"Zombie Virus Cure\",\"italic\":false,\"color\":\"light_purple\"}',Lore:['[{\"text\":\"Effects: \",\"color\":\"gray\",\"italic\":false},{\"text\":\"Cures the zombie virus\",\"color\":\"dark_aqua\",\"italic\":false}]']},Unbreakable:1b,CustomModelData:13230,cure:1b,HideFlags:4}"
            },
            {
              "function": "minecraft:set_count",
              "count": 1
            }
          ]
        }
      ],
      "conditions": [
        {
          "condition": "minecraft:random_chance",
          "chance": 0.034
        }
      ]
    },
    {
      "rolls": 1,
      "entries": [
        {
          "type": "minecraft:item",
          "weight": 1,
          "quality": 1,
          "name": "minecraft:carrot_on_a_stick",
          "functions": [
            {
              "function": "minecraft:set_nbt",
              "tag": "{display:{Name:'{\"text\":\"Health Boost Syringe\",\"italic\":false,\"color\":\"red\"}',Lore:['[{\"text\":\"Effects: \",\"color\":\"gray\",\"italic\":false},{\"text\":\"4 Extra Hearts; 6.5 min\",\"color\":\"dark_aqua\"}]']},Unbreakable:1b,CustomModelData:13257,resistance:1b,HideFlags:4}"
            }
          ]
        },
        {
          "type": "minecraft:item",
          "weight": 1,
          "quality": 1,
          "name": "minecraft:carrot_on_a_stick",
          "functions": [
            {
              "function": "minecraft:set_nbt",
              "tag": "{display:{Name:'{\"text\":\"Resistance Syringe\",\"italic\":false,\"color\":\"dark_red\"}',Lore:['[{\"text\":\"Effects: \",\"color\":\"gray\",\"italic\":false},{\"text\":\"Resistance 1; 1 min\",\"color\":\"dark_aqua\"}]']},Unbreakable:1b,CustomModelData:13256,resistance:1b,HideFlags:4}"
            }
          ]
        },
        {
          "type": "minecraft:item",
          "weight": 1,
          "quality": 1,
          "name": "minecraft:carrot_on_a_stick",
          "functions": [
            {
              "function": "minecraft:set_nbt",
              "tag": "{display:{Name:'{\"text\":\"Swiftness Syringe\",\"italic\":false,\"color\":\"aqua\"}',Lore:['[{\"text\":\"Effects: \",\"color\":\"gray\",\"italic\":false},{\"text\":\"Speed 4; 30 sec\",\"color\":\"dark_aqua\"}]']},Unbreakable:1b,CustomModelData:13255,swiftness:1b,HideFlags:4}"
            }
          ]
        },
        {
          "type": "minecraft:item",
          "weight": 1,
          "quality": 1,
          "name": "minecraft:carrot_on_a_stick",
          "functions": [
            {
              "function": "minecraft:set_nbt",
              "tag": "{display:{Name:'{\"text\":\"Regeneration Syringe\",\"italic\":false,\"color\":\"red\"}',Lore:['[{\"text\":\"Effects: \",\"color\":\"gray\",\"italic\":false},{\"text\":\"Regeneration 2; 20 sec\",\"color\":\"dark_aqua\"}]']},Unbreakable:1b,CustomModelData:13231,regeneration:1b,HideFlags:4}"
            }
          ]
        },
        {
          "type": "minecraft:item",
          "weight": 1,
          "quality": 1,
          "name": "minecraft:carrot_on_a_stick",
          "functions": [
            {
              "function": "minecraft:set_nbt",
              "tag": "{display:{Name:'{\"text\":\"Absorption Syringe\",\"italic\":false,\"color\":\"yellow\"}',Lore:['[{\"text\":\"Effects: \",\"color\":\"gray\",\"italic\":false},{\"text\":\"8 Absorption Hearts; 8 min\",\"color\":\"dark_aqua\"}]']},Unbreakable:1b,CustomModelData:13232,absorption:1b,HideFlags:4}"
            }
          ]
        },
        {
          "type": "minecraft:item",
          "weight": 2,
          "quality": 1,
          "name": "minecraft:repeating_command_block",
          "functions": [
            {
              "function": "minecraft:set_nbt",
              "tag": "{display:{Name:'{\"text\":\"Syringe\",\"italic\":false,\"color\":\"white\"}'},CustomModelData:13229,syringe:1b}"
            }
          ]
        }
      ],
      "conditions": [
        {
          "condition": "minecraft:random_chance",
          "chance": 0.09
        }
      ]
    },
    {
      "rolls": 1,
      "entries": [
        {
          "type": "minecraft:item",
          "name": "minecraft:written_book",
          "functions": [
            {
              "function": "minecraft:set_nbt",
              "tag": "{display:{Lore:['{\"text\":\"Revision 2\",\"color\":\"dark_gray\",\"italic\":false}']},pages:['[\"\",{\"text\":\"The \"},{\"text\":\"Zombie Virus\",\"color\":\"light_purple\"},{\"text\":\" is a disease that completely takes over the host\\'s body.\\\\n\\\\nPlayers, villagers, and even some animals can become infected.\",\"color\":\"reset\"}]','{\"text\":\"When the victim is infected, they will start to attack any nearby players or villagers.\\\\n\\\\nAnimals aren\\'t attacked by zombies, but can still become infected.\"}','[\"\",{\"text\":\"Fortunatly, a recipe for a cure for this disease has been synthesized.\\\\n\\\\nYou can cure infected players with the \"},{\"text\":\"Zombie Virus Cure\",\"color\":\"light_purple\"},{\"text\":\".\\\\n\\\\nYou can cure villagers and animals with the \",\"color\":\"reset\"},{\"text\":\"Minor Infection Cure\",\"color\":\"gold\"},{\"text\":\".\",\"color\":\"reset\"}]','[\"\",{\"text\":\"The \"},{\"text\":\"Zombie Virus Cure \",\"color\":\"light_purple\"},{\"text\":\"can be crafted with the following:\\\\n\\\\n\",\"color\":\"reset\"},{\"text\":\"Syringe\",\"color\":\"dark_gray\"},{\"text\":\"\\\\n\",\"color\":\"reset\"},{\"text\":\"Golden Apple\",\"color\":\"gold\"},{\"text\":\"\\\\n\",\"color\":\"reset\"},{\"text\":\"Rotten Flesh\",\"color\":\"#986D4F\"},{\"text\":\"\\\\n\",\"color\":\"reset\"},{\"text\":\"Emerald\",\"color\":\"dark_green\"},{\"text\":\"\\\\n\",\"color\":\"reset\"},{\"text\":\"Fermented Spider Eye\",\"color\":\"dark_red\"},{\"text\":\"\\\\n \",\"color\":\"reset\"}]','[\"\",{\"text\":\"The \"},{\"text\":\"Minor Infection Cure\",\"color\":\"gold\"},{\"text\":\" can be crafted with the following:\\\\n\\\\n\",\"color\":\"reset\"},{\"text\":\"Syringe\",\"color\":\"dark_gray\"},{\"text\":\"\\\\n\",\"color\":\"reset\"},{\"text\":\"Syringe\",\"color\":\"dark_gray\"},{\"text\":\"\\\\n\",\"color\":\"reset\"},{\"text\":\"Golden Ingot\",\"color\":\"#F8D501\"},{\"text\":\"\\\\n\",\"color\":\"reset\"},{\"text\":\"Rotten Flesh\\\\nRotten Flesh\\\\nRotten Flesh\",\"color\":\"#986D4F\"},{\"text\":\"\\\\n\",\"color\":\"reset\"},{\"text\":\"Carrot\",\"color\":\"#FF8D3A\"},{\"text\":\"\\\\n\",\"color\":\"reset\"},{\"text\":\"Carrot\",\"color\":\"#FF8D3A\"},{\"text\":\"\\\\n\",\"color\":\"reset\"},{\"text\":\"Emerald\",\"color\":\"dark_green\"}]','{\"text\":\"It doesn\\'t matter how you orient them in the crafting grid. So long as you have all the ingredients.\"}','{\"text\":\"To use either of the Cures you must right click while holding it in your main hand.\\\\n\\\\nThe Minor Infection Cure will cure the nearest villager or animal.\"}','[\"\",{\"text\":\"If you don\\'t know how to craft a syringe, you craft it with 2 glass and 1 iron.\",\"italic\":true},{\"text\":\"\\\\n\\\\n\",\"color\":\"reset\"},{\"text\":\"Glass\\\\nGlass\",\"color\":\"aqua\"},{\"text\":\"\\\\n\",\"color\":\"reset\"},{\"text\":\"Iron\",\"color\":\"gray\"}]'],title:\"The Zombie Virus\",author:\"Terry C. Goodwill\",generation:1}"
            }
          ],
          "conditions": [
            {
              "condition": "minecraft:random_chance_with_looting",
              "chance": 0.1,
              "looting_multiplier": 0.1
            }
          ]
        }
      ]
    },
    {
      "rolls": 1,
      "entries": [
        {
          "type": "minecraft:item",
          "name": "minecraft:bone",
          "functions": [
            {
              "function": "minecraft:set_count",
              "count": {
                "min": 1,
                "max": 3
              }
            }
          ]
        }
      ]
    },
    {
      "rolls": 1,
      "entries": [
        {
          "type": "minecraft:item",
          "name": "minecraft:rotten_flesh",
          "functions": [
            {
              "function": "minecraft:set_count",
              "count": {
                "min": 1,
                "max": 3
              }
            }
          ]
        }
      ]
    },
    {
      "rolls": 1,
      "bonus_rolls": 0,
      "entries": [
        {
          "type": "minecraft:item",
          "name": "minecraft:gunpowder"
        }
      ],
      "functions": [
        {
          "function": "minecraft:set_count",
          "count": {
            "min": 2,
            "max": 5
          }
        }
      ],
      "conditions": [
        {
          "condition": "minecraft:random_chance_with_looting",
          "chance": 0.26,
          "looting_multiplier": 0.01
        }
      ]
    }
  ]
}
