{
	"credit": "Made with Blockbench",
	"textures": {
		"0": "laser_rifle",
		"1": "laser_cannon",
		"particle": "laser_rifle"
	},
	"elements": [
		{
			"from": [3.25, 9.5, 6],
			"to": [7.75, 9.75, 7],
			"rotation": {"angle": 0, "axis": "y", "origin": [16, 11.5, 12]},
			"faces": {
				"north": {"uv": [15, 15, 16, 16], "texture": "#1"},
				"east": {"uv": [15, 15, 16, 16], "texture": "#1"},
				"south": {"uv": [15, 15, 16, 16], "texture": "#1"},
				"west": {"uv": [15, 15, 16, 16], "texture": "#1"},
				"up": {"uv": [15, 15, 16, 16], "texture": "#1"},
				"down": {"uv": [15, 15, 16, 16], "texture": "#1"}
			}
		},
		{
			"from": [7.5, 5.5, 6],
			"to": [7.75, 9.5, 7],
			"rotation": {"angle": 0, "axis": "y", "origin": [15.75, 7.25, 12]},
			"faces": {
				"north": {"uv": [15, 15, 16, 16], "texture": "#1"},
				"east": {"uv": [15, 15, 16, 16], "texture": "#1"},
				"south": {"uv": [15, 15, 16, 16], "texture": "#1"},
				"west": {"uv": [15, 15, 16, 16], "texture": "#1"},
				"up": {"uv": [15, 15, 16, 16], "texture": "#1"},
				"down": {"uv": [15, 15, 16, 16], "texture": "#1"}
			}
		},
		{
			"from": [3.25, 5.5, 6],
			"to": [3.5, 9.5, 7],
			"rotation": {"angle": 0, "axis": "y", "origin": [11.5, 7.25, 12]},
			"faces": {
				"north": {"uv": [15, 15, 16, 16], "texture": "#1"},
				"east": {"uv": [15, 15, 16, 16], "texture": "#1"},
				"south": {"uv": [15, 15, 16, 16], "texture": "#1"},
				"west": {"uv": [15, 15, 16, 16], "texture": "#1"},
				"up": {"uv": [15, 15, 16, 16], "texture": "#1"},
				"down": {"uv": [15, 15, 16, 16], "texture": "#1"}
			}
		},
		{
			"from": [3.25, 5.25, 6],
			"to": [7.75, 5.5, 7],
			"rotation": {"angle": 0, "axis": "y", "origin": [16, 7.25, 12]},
			"faces": {
				"north": {"uv": [15, 15, 16, 16], "texture": "#1"},
				"east": {"uv": [15, 15, 16, 16], "texture": "#1"},
				"south": {"uv": [15, 15, 16, 16], "texture": "#1"},
				"west": {"uv": [15, 15, 16, 16], "texture": "#1"},
				"up": {"uv": [15, 15, 16, 16], "texture": "#1"},
				"down": {"uv": [15, 15, 16, 16], "texture": "#1"}
			}
		},
		{
			"name": "octagon",
			"from": [4.29289, 6.0625, 5.5],
			"to": [4.70711, 7.0625, 7.875],
			"rotation": {"angle": 45, "axis": "z", "origin": [4.5, 6.5625, 6.5]},
			"faces": {
				"north": {"uv": [10, 0, 11, 1], "texture": "#0"},
				"east": {"uv": [10, 0, 11, 1], "texture": "#0"},
				"south": {"uv": [10, 0, 11, 1], "texture": "#0"},
				"west": {"uv": [10, 0, 11, 1], "texture": "#0"},
				"up": {"uv": [10, 0, 11, 1], "texture": "#0"},
				"down": {"uv": [10, 0, 11, 1], "texture": "#0"}
			}
		},
		{
			"name": "octagon",
			"from": [4.29289, 6.0625, 5.5],
			"to": [4.70711, 7.0625, 7.875],
			"rotation": {"angle": 0, "axis": "z", "origin": [4.5, 6.5625, 6.5]},
			"faces": {
				"north": {"uv": [10, 0, 11, 1], "texture": "#0"},
				"east": {"uv": [10, 0, 11, 1], "texture": "#0"},
				"south": {"uv": [10, 0, 11, 1], "texture": "#0"},
				"west": {"uv": [10, 0, 11, 1], "texture": "#0"},
				"up": {"uv": [10, 0, 11, 1], "texture": "#0"},
				"down": {"uv": [10, 0, 11, 1], "texture": "#0"}
			}
		},
		{
			"name": "octagon",
			"from": [4, 6.35539, 5.5],
			"to": [5, 6.76961, 7.875],
			"rotation": {"angle": 45, "axis": "z", "origin": [4.5, 6.5625, 6.5]},
			"faces": {
				"north": {"uv": [10, 0, 11, 1], "texture": "#0"},
				"east": {"uv": [10, 0, 11, 1], "texture": "#0"},
				"south": {"uv": [10, 0, 11, 1], "texture": "#0"},
				"west": {"uv": [10, 0, 11, 1], "texture": "#0"},
				"up": {"uv": [10, 0, 11, 1], "texture": "#0"},
				"down": {"uv": [10, 0, 11, 1], "texture": "#0"}
			}
		},
		{
			"name": "octagon",
			"from": [4, 6.35539, 5.5],
			"to": [5, 6.76961, 7.875],
			"rotation": {"angle": 0, "axis": "z", "origin": [4.5, 6.5625, 6.5]},
			"faces": {
				"north": {"uv": [10, 0, 11, 1], "texture": "#0"},
				"east": {"uv": [10, 0, 11, 1], "texture": "#0"},
				"south": {"uv": [10, 0, 11, 1], "texture": "#0"},
				"west": {"uv": [10, 0, 11, 1], "texture": "#0"},
				"up": {"uv": [10, 0, 11, 1], "texture": "#0"},
				"down": {"uv": [10, 0, 11, 1], "texture": "#0"}
			}
		},
		{
			"name": "octagon",
			"from": [4.18934, 5.8125, 5.375],
			"to": [4.81066, 7.3125, 7.75],
			"rotation": {"angle": 45, "axis": "z", "origin": [4.5, 6.5625, 6.5]},
			"faces": {
				"north": {"uv": [11, 0, 12, 1], "texture": "#0"},
				"east": {"uv": [11, 0, 12, 1], "texture": "#0"},
				"south": {"uv": [11, 0, 12, 1], "texture": "#0"},
				"west": {"uv": [11, 0, 12, 1], "texture": "#0"},
				"up": {"uv": [11, 0, 12, 1], "texture": "#0"},
				"down": {"uv": [11, 0, 12, 1], "texture": "#0"}
			}
		},
		{
			"name": "octagon",
			"from": [4.18934, 5.8125, 5.375],
			"to": [4.81066, 7.3125, 7.75],
			"rotation": {"angle": 0, "axis": "z", "origin": [4.5, 6.5625, 6.5]},
			"faces": {
				"north": {"uv": [11, 0, 12, 1], "texture": "#0"},
				"east": {"uv": [11, 0, 12, 1], "texture": "#0"},
				"south": {"uv": [11, 0, 12, 1], "texture": "#0"},
				"west": {"uv": [11, 0, 12, 1], "texture": "#0"},
				"up": {"uv": [11, 0, 12, 1], "texture": "#0"},
				"down": {"uv": [11, 0, 12, 1], "texture": "#0"}
			}
		},
		{
			"name": "octagon",
			"from": [3.75, 6.25184, 5.375],
			"to": [5.25, 6.87316, 7.75],
			"rotation": {"angle": 45, "axis": "z", "origin": [4.5, 6.5625, 6.5]},
			"faces": {
				"north": {"uv": [11, 0, 12, 1], "texture": "#0"},
				"east": {"uv": [11, 0, 12, 1], "texture": "#0"},
				"south": {"uv": [11, 0, 12, 1], "texture": "#0"},
				"west": {"uv": [11, 0, 12, 1], "texture": "#0"},
				"up": {"uv": [11, 0, 12, 1], "texture": "#0"},
				"down": {"uv": [11, 0, 12, 1], "texture": "#0"}
			}
		},
		{
			"name": "octagon",
			"from": [3.75, 6.25184, 5.375],
			"to": [5.25, 6.87316, 7.75],
			"rotation": {"angle": 0, "axis": "z", "origin": [4.5, 6.5625, 6.5]},
			"faces": {
				"north": {"uv": [11, 0, 12, 1], "texture": "#0"},
				"east": {"uv": [11, 0, 12, 1], "texture": "#0"},
				"south": {"uv": [11, 0, 12, 1], "texture": "#0"},
				"west": {"uv": [11, 0, 12, 1], "texture": "#0"},
				"up": {"uv": [11, 0, 12, 1], "texture": "#0"},
				"down": {"uv": [11, 0, 12, 1], "texture": "#0"}
			}
		},
		{
			"name": "octagon",
			"from": [4.08579, 5.5625, 5.5],
			"to": [4.91421, 7.5625, 7.5],
			"rotation": {"angle": 45, "axis": "z", "origin": [4.5, 6.5625, 6.5]},
			"faces": {
				"north": {"uv": [15, 0, 16, 1], "texture": "#0"},
				"east": {"uv": [12, 0, 15, 1], "texture": "#0"},
				"south": {"uv": [15, 0, 16, 1], "texture": "#0"},
				"west": {"uv": [12, 0, 15, 1], "texture": "#0"},
				"up": {"uv": [14, 0, 15, 3], "texture": "#0"},
				"down": {"uv": [14, 0, 15, 3], "texture": "#0"}
			}
		},
		{
			"name": "octagon",
			"from": [4.08579, 5.5625, 5.5],
			"to": [4.91421, 7.5625, 7.5],
			"rotation": {"angle": 0, "axis": "z", "origin": [4.5, 6.5625, 6.5]},
			"faces": {
				"north": {"uv": [15, 0, 16, 1], "texture": "#0"},
				"east": {"uv": [12, 0, 15, 1], "texture": "#0"},
				"south": {"uv": [15, 0, 16, 1], "texture": "#0"},
				"west": {"uv": [12, 0, 15, 1], "texture": "#0"},
				"up": {"uv": [14, 0, 15, 3], "texture": "#0"},
				"down": {"uv": [14, 0, 15, 3], "texture": "#0"}
			}
		},
		{
			"name": "octagon",
			"from": [3.5, 6.14829, 5.5],
			"to": [5.5, 6.97671, 7.5],
			"rotation": {"angle": 45, "axis": "z", "origin": [4.5, 6.5625, 6.5]},
			"faces": {
				"north": {"uv": [15, 0, 16, 1], "texture": "#0"},
				"east": {"uv": [12, 0, 15, 1], "texture": "#0"},
				"south": {"uv": [15, 0, 16, 1], "texture": "#0"},
				"west": {"uv": [12, 0, 15, 1], "texture": "#0"},
				"up": {"uv": [14, 0, 15, 3], "texture": "#0"},
				"down": {"uv": [14, 0, 15, 3], "texture": "#0"}
			}
		},
		{
			"name": "octagon",
			"from": [3.5, 6.14829, 5.5],
			"to": [5.5, 6.97671, 7.5],
			"rotation": {"angle": 0, "axis": "z", "origin": [4.5, 6.5625, 6.5]},
			"faces": {
				"north": {"uv": [15, 0, 16, 1], "texture": "#0"},
				"east": {"uv": [12, 0, 15, 1], "texture": "#0"},
				"south": {"uv": [15, 0, 16, 1], "texture": "#0"},
				"west": {"uv": [12, 0, 15, 1], "texture": "#0"},
				"up": {"uv": [14, 0, 15, 3], "texture": "#0"},
				"down": {"uv": [14, 0, 15, 3], "texture": "#0"}
			}
		},
		{
			"name": "octagon",
			"from": [6.29289, 6.0625, 5.5],
			"to": [6.70711, 7.0625, 7.875],
			"rotation": {"angle": 45, "axis": "z", "origin": [6.5, 6.5625, 6.5]},
			"faces": {
				"north": {"uv": [10, 0, 11, 1], "texture": "#0"},
				"east": {"uv": [10, 0, 11, 1], "texture": "#0"},
				"south": {"uv": [10, 0, 11, 1], "texture": "#0"},
				"west": {"uv": [10, 0, 11, 1], "texture": "#0"},
				"up": {"uv": [10, 0, 11, 1], "texture": "#0"},
				"down": {"uv": [10, 0, 11, 1], "texture": "#0"}
			}
		},
		{
			"name": "octagon",
			"from": [6.29289, 6.0625, 5.5],
			"to": [6.70711, 7.0625, 7.875],
			"rotation": {"angle": 0, "axis": "z", "origin": [6.5, 6.5625, 6.5]},
			"faces": {
				"north": {"uv": [10, 0, 11, 1], "texture": "#0"},
				"east": {"uv": [10, 0, 11, 1], "texture": "#0"},
				"south": {"uv": [10, 0, 11, 1], "texture": "#0"},
				"west": {"uv": [10, 0, 11, 1], "texture": "#0"},
				"up": {"uv": [10, 0, 11, 1], "texture": "#0"},
				"down": {"uv": [10, 0, 11, 1], "texture": "#0"}
			}
		},
		{
			"name": "octagon",
			"from": [6, 6.35539, 5.5],
			"to": [7, 6.76961, 7.875],
			"rotation": {"angle": 45, "axis": "z", "origin": [6.5, 6.5625, 6.5]},
			"faces": {
				"north": {"uv": [10, 0, 11, 1], "texture": "#0"},
				"east": {"uv": [10, 0, 11, 1], "texture": "#0"},
				"south": {"uv": [10, 0, 11, 1], "texture": "#0"},
				"west": {"uv": [10, 0, 11, 1], "texture": "#0"},
				"up": {"uv": [10, 0, 11, 1], "texture": "#0"},
				"down": {"uv": [10, 0, 11, 1], "texture": "#0"}
			}
		},
		{
			"name": "octagon",
			"from": [6, 6.35539, 5.5],
			"to": [7, 6.76961, 7.875],
			"rotation": {"angle": 0, "axis": "z", "origin": [6.5, 6.5625, 6.5]},
			"faces": {
				"north": {"uv": [10, 0, 11, 1], "texture": "#0"},
				"east": {"uv": [10, 0, 11, 1], "texture": "#0"},
				"south": {"uv": [10, 0, 11, 1], "texture": "#0"},
				"west": {"uv": [10, 0, 11, 1], "texture": "#0"},
				"up": {"uv": [10, 0, 11, 1], "texture": "#0"},
				"down": {"uv": [10, 0, 11, 1], "texture": "#0"}
			}
		},
		{
			"name": "octagon",
			"from": [6.18934, 5.8125, 5.375],
			"to": [6.81066, 7.3125, 7.75],
			"rotation": {"angle": 45, "axis": "z", "origin": [6.5, 6.5625, 6.5]},
			"faces": {
				"north": {"uv": [11, 0, 12, 1], "texture": "#0"},
				"east": {"uv": [11, 0, 12, 1], "texture": "#0"},
				"south": {"uv": [11, 0, 12, 1], "texture": "#0"},
				"west": {"uv": [11, 0, 12, 1], "texture": "#0"},
				"up": {"uv": [11, 0, 12, 1], "texture": "#0"},
				"down": {"uv": [11, 0, 12, 1], "texture": "#0"}
			}
		},
		{
			"name": "octagon",
			"from": [6.18934, 5.8125, 5.375],
			"to": [6.81066, 7.3125, 7.75],
			"rotation": {"angle": 0, "axis": "z", "origin": [6.5, 6.5625, 6.5]},
			"faces": {
				"north": {"uv": [11, 0, 12, 1], "texture": "#0"},
				"east": {"uv": [11, 0, 12, 1], "texture": "#0"},
				"south": {"uv": [11, 0, 12, 1], "texture": "#0"},
				"west": {"uv": [11, 0, 12, 1], "texture": "#0"},
				"up": {"uv": [11, 0, 12, 1], "texture": "#0"},
				"down": {"uv": [11, 0, 12, 1], "texture": "#0"}
			}
		},
		{
			"name": "octagon",
			"from": [5.75, 6.25184, 5.375],
			"to": [7.25, 6.87316, 7.75],
			"rotation": {"angle": 45, "axis": "z", "origin": [6.5, 6.5625, 6.5]},
			"faces": {
				"north": {"uv": [11, 0, 12, 1], "texture": "#0"},
				"east": {"uv": [11, 0, 12, 1], "texture": "#0"},
				"south": {"uv": [11, 0, 12, 1], "texture": "#0"},
				"west": {"uv": [11, 0, 12, 1], "texture": "#0"},
				"up": {"uv": [11, 0, 12, 1], "texture": "#0"},
				"down": {"uv": [11, 0, 12, 1], "texture": "#0"}
			}
		},
		{
			"name": "octagon",
			"from": [5.75, 6.25184, 5.375],
			"to": [7.25, 6.87316, 7.75],
			"rotation": {"angle": 0, "axis": "z", "origin": [6.5, 6.5625, 6.5]},
			"faces": {
				"north": {"uv": [11, 0, 12, 1], "texture": "#0"},
				"east": {"uv": [11, 0, 12, 1], "texture": "#0"},
				"south": {"uv": [11, 0, 12, 1], "texture": "#0"},
				"west": {"uv": [11, 0, 12, 1], "texture": "#0"},
				"up": {"uv": [11, 0, 12, 1], "texture": "#0"},
				"down": {"uv": [11, 0, 12, 1], "texture": "#0"}
			}
		},
		{
			"name": "octagon",
			"from": [6.08579, 5.5625, 5.5],
			"to": [6.91421, 7.5625, 7.5],
			"rotation": {"angle": 45, "axis": "z", "origin": [6.5, 6.5625, 6.5]},
			"faces": {
				"north": {"uv": [15, 0, 16, 1], "texture": "#0"},
				"east": {"uv": [12, 0, 15, 1], "texture": "#0"},
				"south": {"uv": [15, 0, 16, 1], "texture": "#0"},
				"west": {"uv": [12, 0, 15, 1], "texture": "#0"},
				"up": {"uv": [14, 0, 15, 3], "texture": "#0"},
				"down": {"uv": [14, 0, 15, 3], "texture": "#0"}
			}
		},
		{
			"name": "octagon",
			"from": [6.08579, 5.5625, 5.5],
			"to": [6.91421, 7.5625, 7.5],
			"rotation": {"angle": 0, "axis": "z", "origin": [6.5, 6.5625, 6.5]},
			"faces": {
				"north": {"uv": [15, 0, 16, 1], "texture": "#0"},
				"east": {"uv": [12, 0, 15, 1], "texture": "#0"},
				"south": {"uv": [15, 0, 16, 1], "texture": "#0"},
				"west": {"uv": [12, 0, 15, 1], "texture": "#0"},
				"up": {"uv": [14, 0, 15, 3], "texture": "#0"},
				"down": {"uv": [14, 0, 15, 3], "texture": "#0"}
			}
		},
		{
			"name": "octagon",
			"from": [5.5, 6.14829, 5.5],
			"to": [7.5, 6.97671, 7.5],
			"rotation": {"angle": 45, "axis": "z", "origin": [6.5, 6.5625, 6.5]},
			"faces": {
				"north": {"uv": [15, 0, 16, 1], "texture": "#0"},
				"east": {"uv": [12, 0, 15, 1], "texture": "#0"},
				"south": {"uv": [15, 0, 16, 1], "texture": "#0"},
				"west": {"uv": [12, 0, 15, 1], "texture": "#0"},
				"up": {"uv": [14, 0, 15, 3], "texture": "#0"},
				"down": {"uv": [14, 0, 15, 3], "texture": "#0"}
			}
		},
		{
			"name": "octagon",
			"from": [5.5, 6.14829, 5.5],
			"to": [7.5, 6.97671, 7.5],
			"rotation": {"angle": 0, "axis": "z", "origin": [6.5, 6.5625, 6.5]},
			"faces": {
				"north": {"uv": [15, 0, 16, 1], "texture": "#0"},
				"east": {"uv": [12, 0, 15, 1], "texture": "#0"},
				"south": {"uv": [15, 0, 16, 1], "texture": "#0"},
				"west": {"uv": [12, 0, 15, 1], "texture": "#0"},
				"up": {"uv": [14, 0, 15, 3], "texture": "#0"},
				"down": {"uv": [14, 0, 15, 3], "texture": "#0"}
			}
		},
		{
			"name": "octagon",
			"from": [6.29289, 8.0625, 5.5],
			"to": [6.70711, 9.0625, 7.875],
			"rotation": {"angle": 45, "axis": "z", "origin": [6.5, 8.5625, 6.5]},
			"faces": {
				"north": {"uv": [10, 0, 11, 1], "texture": "#0"},
				"east": {"uv": [10, 0, 11, 1], "texture": "#0"},
				"south": {"uv": [10, 0, 11, 1], "texture": "#0"},
				"west": {"uv": [10, 0, 11, 1], "texture": "#0"},
				"up": {"uv": [10, 0, 11, 1], "texture": "#0"},
				"down": {"uv": [10, 0, 11, 1], "texture": "#0"}
			}
		},
		{
			"name": "octagon",
			"from": [6.29289, 8.0625, 5.5],
			"to": [6.70711, 9.0625, 7.875],
			"rotation": {"angle": 0, "axis": "z", "origin": [6.5, 8.5625, 6.5]},
			"faces": {
				"north": {"uv": [10, 0, 11, 1], "texture": "#0"},
				"east": {"uv": [10, 0, 11, 1], "texture": "#0"},
				"south": {"uv": [10, 0, 11, 1], "texture": "#0"},
				"west": {"uv": [10, 0, 11, 1], "texture": "#0"},
				"up": {"uv": [10, 0, 11, 1], "texture": "#0"},
				"down": {"uv": [10, 0, 11, 1], "texture": "#0"}
			}
		},
		{
			"name": "octagon",
			"from": [6, 8.35539, 5.5],
			"to": [7, 8.76961, 7.875],
			"rotation": {"angle": 45, "axis": "z", "origin": [6.5, 8.5625, 6.5]},
			"faces": {
				"north": {"uv": [10, 0, 11, 1], "texture": "#0"},
				"east": {"uv": [10, 0, 11, 1], "texture": "#0"},
				"south": {"uv": [10, 0, 11, 1], "texture": "#0"},
				"west": {"uv": [10, 0, 11, 1], "texture": "#0"},
				"up": {"uv": [10, 0, 11, 1], "texture": "#0"},
				"down": {"uv": [10, 0, 11, 1], "texture": "#0"}
			}
		},
		{
			"name": "octagon",
			"from": [6, 8.35539, 5.5],
			"to": [7, 8.76961, 7.875],
			"rotation": {"angle": 0, "axis": "z", "origin": [6.5, 8.5625, 6.5]},
			"faces": {
				"north": {"uv": [10, 0, 11, 1], "texture": "#0"},
				"east": {"uv": [10, 0, 11, 1], "texture": "#0"},
				"south": {"uv": [10, 0, 11, 1], "texture": "#0"},
				"west": {"uv": [10, 0, 11, 1], "texture": "#0"},
				"up": {"uv": [10, 0, 11, 1], "texture": "#0"},
				"down": {"uv": [10, 0, 11, 1], "texture": "#0"}
			}
		},
		{
			"name": "octagon",
			"from": [6.18934, 7.8125, 5.375],
			"to": [6.81066, 9.3125, 7.75],
			"rotation": {"angle": 45, "axis": "z", "origin": [6.5, 8.5625, 6.5]},
			"faces": {
				"north": {"uv": [11, 0, 12, 1], "texture": "#0"},
				"east": {"uv": [11, 0, 12, 1], "texture": "#0"},
				"south": {"uv": [11, 0, 12, 1], "texture": "#0"},
				"west": {"uv": [11, 0, 12, 1], "texture": "#0"},
				"up": {"uv": [11, 0, 12, 1], "texture": "#0"},
				"down": {"uv": [11, 0, 12, 1], "texture": "#0"}
			}
		},
		{
			"name": "octagon",
			"from": [6.18934, 7.8125, 5.375],
			"to": [6.81066, 9.3125, 7.75],
			"rotation": {"angle": 0, "axis": "z", "origin": [6.5, 8.5625, 6.5]},
			"faces": {
				"north": {"uv": [11, 0, 12, 1], "texture": "#0"},
				"east": {"uv": [11, 0, 12, 1], "texture": "#0"},
				"south": {"uv": [11, 0, 12, 1], "texture": "#0"},
				"west": {"uv": [11, 0, 12, 1], "texture": "#0"},
				"up": {"uv": [11, 0, 12, 1], "texture": "#0"},
				"down": {"uv": [11, 0, 12, 1], "texture": "#0"}
			}
		},
		{
			"name": "octagon",
			"from": [5.75, 8.25184, 5.375],
			"to": [7.25, 8.87316, 7.75],
			"rotation": {"angle": 45, "axis": "z", "origin": [6.5, 8.5625, 6.5]},
			"faces": {
				"north": {"uv": [11, 0, 12, 1], "texture": "#0"},
				"east": {"uv": [11, 0, 12, 1], "texture": "#0"},
				"south": {"uv": [11, 0, 12, 1], "texture": "#0"},
				"west": {"uv": [11, 0, 12, 1], "texture": "#0"},
				"up": {"uv": [11, 0, 12, 1], "texture": "#0"},
				"down": {"uv": [11, 0, 12, 1], "texture": "#0"}
			}
		},
		{
			"name": "octagon",
			"from": [5.75, 8.25184, 5.375],
			"to": [7.25, 8.87316, 7.75],
			"rotation": {"angle": 0, "axis": "z", "origin": [6.5, 8.5625, 6.5]},
			"faces": {
				"north": {"uv": [11, 0, 12, 1], "texture": "#0"},
				"east": {"uv": [11, 0, 12, 1], "texture": "#0"},
				"south": {"uv": [11, 0, 12, 1], "texture": "#0"},
				"west": {"uv": [11, 0, 12, 1], "texture": "#0"},
				"up": {"uv": [11, 0, 12, 1], "texture": "#0"},
				"down": {"uv": [11, 0, 12, 1], "texture": "#0"}
			}
		},
		{
			"name": "octagon",
			"from": [6.08579, 7.5625, 5.5],
			"to": [6.91421, 9.5625, 7.5],
			"rotation": {"angle": 45, "axis": "z", "origin": [6.5, 8.5625, 6.5]},
			"faces": {
				"north": {"uv": [15, 0, 16, 1], "texture": "#0"},
				"east": {"uv": [12, 0, 15, 1], "texture": "#0"},
				"south": {"uv": [15, 0, 16, 1], "texture": "#0"},
				"west": {"uv": [12, 0, 15, 1], "texture": "#0"},
				"up": {"uv": [14, 0, 15, 3], "texture": "#0"},
				"down": {"uv": [14, 0, 15, 3], "texture": "#0"}
			}
		},
		{
			"name": "octagon",
			"from": [6.08579, 7.5625, 5.5],
			"to": [6.91421, 9.5625, 7.5],
			"rotation": {"angle": 0, "axis": "z", "origin": [6.5, 8.5625, 6.5]},
			"faces": {
				"north": {"uv": [15, 0, 16, 1], "texture": "#0"},
				"east": {"uv": [12, 0, 15, 1], "texture": "#0"},
				"south": {"uv": [15, 0, 16, 1], "texture": "#0"},
				"west": {"uv": [12, 0, 15, 1], "texture": "#0"},
				"up": {"uv": [14, 0, 15, 3], "texture": "#0"},
				"down": {"uv": [14, 0, 15, 3], "texture": "#0"}
			}
		},
		{
			"name": "octagon",
			"from": [5.5, 8.14829, 5.5],
			"to": [7.5, 8.97671, 7.5],
			"rotation": {"angle": 45, "axis": "z", "origin": [6.5, 8.5625, 6.5]},
			"faces": {
				"north": {"uv": [15, 0, 16, 1], "texture": "#0"},
				"east": {"uv": [12, 0, 15, 1], "texture": "#0"},
				"south": {"uv": [15, 0, 16, 1], "texture": "#0"},
				"west": {"uv": [12, 0, 15, 1], "texture": "#0"},
				"up": {"uv": [14, 0, 15, 3], "texture": "#0"},
				"down": {"uv": [14, 0, 15, 3], "texture": "#0"}
			}
		},
		{
			"name": "octagon",
			"from": [5.5, 8.14829, 5.5],
			"to": [7.5, 8.97671, 7.5],
			"rotation": {"angle": 0, "axis": "z", "origin": [6.5, 8.5625, 6.5]},
			"faces": {
				"north": {"uv": [15, 0, 16, 1], "texture": "#0"},
				"east": {"uv": [12, 0, 15, 1], "texture": "#0"},
				"south": {"uv": [15, 0, 16, 1], "texture": "#0"},
				"west": {"uv": [12, 0, 15, 1], "texture": "#0"},
				"up": {"uv": [14, 0, 15, 3], "texture": "#0"},
				"down": {"uv": [14, 0, 15, 3], "texture": "#0"}
			}
		},
		{
			"name": "octagon",
			"from": [4.29289, 8.0625, 5.5],
			"to": [4.70711, 9.0625, 7.875],
			"rotation": {"angle": 45, "axis": "z", "origin": [4.5, 8.5625, 6.5]},
			"faces": {
				"north": {"uv": [10, 0, 11, 1], "texture": "#0"},
				"east": {"uv": [10, 0, 11, 1], "texture": "#0"},
				"south": {"uv": [10, 0, 11, 1], "texture": "#0"},
				"west": {"uv": [10, 0, 11, 1], "texture": "#0"},
				"up": {"uv": [10, 0, 11, 1], "texture": "#0"},
				"down": {"uv": [10, 0, 11, 1], "texture": "#0"}
			}
		},
		{
			"name": "octagon",
			"from": [4.29289, 8.0625, 5.5],
			"to": [4.70711, 9.0625, 7.875],
			"rotation": {"angle": 0, "axis": "z", "origin": [4.5, 8.5625, 6.5]},
			"faces": {
				"north": {"uv": [10, 0, 11, 1], "texture": "#0"},
				"east": {"uv": [10, 0, 11, 1], "texture": "#0"},
				"south": {"uv": [10, 0, 11, 1], "texture": "#0"},
				"west": {"uv": [10, 0, 11, 1], "texture": "#0"},
				"up": {"uv": [10, 0, 11, 1], "texture": "#0"},
				"down": {"uv": [10, 0, 11, 1], "texture": "#0"}
			}
		},
		{
			"name": "octagon",
			"from": [4, 8.35539, 5.5],
			"to": [5, 8.76961, 7.875],
			"rotation": {"angle": 45, "axis": "z", "origin": [4.5, 8.5625, 6.5]},
			"faces": {
				"north": {"uv": [10, 0, 11, 1], "texture": "#0"},
				"east": {"uv": [10, 0, 11, 1], "texture": "#0"},
				"south": {"uv": [10, 0, 11, 1], "texture": "#0"},
				"west": {"uv": [10, 0, 11, 1], "texture": "#0"},
				"up": {"uv": [10, 0, 11, 1], "texture": "#0"},
				"down": {"uv": [10, 0, 11, 1], "texture": "#0"}
			}
		},
		{
			"name": "octagon",
			"from": [4, 8.35539, 5.5],
			"to": [5, 8.76961, 7.875],
			"rotation": {"angle": 0, "axis": "z", "origin": [4.5, 8.5625, 6.5]},
			"faces": {
				"north": {"uv": [10, 0, 11, 1], "texture": "#0"},
				"east": {"uv": [10, 0, 11, 1], "texture": "#0"},
				"south": {"uv": [10, 0, 11, 1], "texture": "#0"},
				"west": {"uv": [10, 0, 11, 1], "texture": "#0"},
				"up": {"uv": [10, 0, 11, 1], "texture": "#0"},
				"down": {"uv": [10, 0, 11, 1], "texture": "#0"}
			}
		},
		{
			"name": "octagon",
			"from": [4.18934, 7.8125, 5.375],
			"to": [4.81066, 9.3125, 7.75],
			"rotation": {"angle": 45, "axis": "z", "origin": [4.5, 8.5625, 6.5]},
			"faces": {
				"north": {"uv": [11, 0, 12, 1], "texture": "#0"},
				"east": {"uv": [11, 0, 12, 1], "texture": "#0"},
				"south": {"uv": [11, 0, 12, 1], "texture": "#0"},
				"west": {"uv": [11, 0, 12, 1], "texture": "#0"},
				"up": {"uv": [11, 0, 12, 1], "texture": "#0"},
				"down": {"uv": [11, 0, 12, 1], "texture": "#0"}
			}
		},
		{
			"name": "octagon",
			"from": [4.18934, 7.8125, 5.375],
			"to": [4.81066, 9.3125, 7.75],
			"rotation": {"angle": 0, "axis": "z", "origin": [4.5, 8.5625, 6.5]},
			"faces": {
				"north": {"uv": [11, 0, 12, 1], "texture": "#0"},
				"east": {"uv": [11, 0, 12, 1], "texture": "#0"},
				"south": {"uv": [11, 0, 12, 1], "texture": "#0"},
				"west": {"uv": [11, 0, 12, 1], "texture": "#0"},
				"up": {"uv": [11, 0, 12, 1], "texture": "#0"},
				"down": {"uv": [11, 0, 12, 1], "texture": "#0"}
			}
		},
		{
			"name": "octagon",
			"from": [3.75, 8.25184, 5.375],
			"to": [5.25, 8.87316, 7.75],
			"rotation": {"angle": 45, "axis": "z", "origin": [4.5, 8.5625, 6.5]},
			"faces": {
				"north": {"uv": [11, 0, 12, 1], "texture": "#0"},
				"east": {"uv": [11, 0, 12, 1], "texture": "#0"},
				"south": {"uv": [11, 0, 12, 1], "texture": "#0"},
				"west": {"uv": [11, 0, 12, 1], "texture": "#0"},
				"up": {"uv": [11, 0, 12, 1], "texture": "#0"},
				"down": {"uv": [11, 0, 12, 1], "texture": "#0"}
			}
		},
		{
			"name": "octagon",
			"from": [3.75, 8.25184, 5.375],
			"to": [5.25, 8.87316, 7.75],
			"rotation": {"angle": 0, "axis": "z", "origin": [4.5, 8.5625, 6.5]},
			"faces": {
				"north": {"uv": [11, 0, 12, 1], "texture": "#0"},
				"east": {"uv": [11, 0, 12, 1], "texture": "#0"},
				"south": {"uv": [11, 0, 12, 1], "texture": "#0"},
				"west": {"uv": [11, 0, 12, 1], "texture": "#0"},
				"up": {"uv": [11, 0, 12, 1], "texture": "#0"},
				"down": {"uv": [11, 0, 12, 1], "texture": "#0"}
			}
		},
		{
			"name": "octagon",
			"from": [4.08579, 7.5625, 5.5],
			"to": [4.91421, 9.5625, 7.5],
			"rotation": {"angle": 45, "axis": "z", "origin": [4.5, 8.5625, 6.5]},
			"faces": {
				"north": {"uv": [15, 0, 16, 1], "texture": "#0"},
				"east": {"uv": [12, 0, 15, 1], "texture": "#0"},
				"south": {"uv": [15, 0, 16, 1], "texture": "#0"},
				"west": {"uv": [12, 0, 15, 1], "texture": "#0"},
				"up": {"uv": [14, 0, 15, 3], "texture": "#0"},
				"down": {"uv": [14, 0, 15, 3], "texture": "#0"}
			}
		},
		{
			"name": "octagon",
			"from": [4.08579, 7.5625, 5.5],
			"to": [4.91421, 9.5625, 7.5],
			"rotation": {"angle": 0, "axis": "z", "origin": [4.5, 8.5625, 6.5]},
			"faces": {
				"north": {"uv": [15, 0, 16, 1], "texture": "#0"},
				"east": {"uv": [12, 0, 15, 1], "texture": "#0"},
				"south": {"uv": [15, 0, 16, 1], "texture": "#0"},
				"west": {"uv": [12, 0, 15, 1], "texture": "#0"},
				"up": {"uv": [14, 0, 15, 3], "texture": "#0"},
				"down": {"uv": [14, 0, 15, 3], "texture": "#0"}
			}
		},
		{
			"name": "octagon",
			"from": [3.5, 8.14829, 5.5],
			"to": [5.5, 8.97671, 7.5],
			"rotation": {"angle": 45, "axis": "z", "origin": [4.5, 8.5625, 6.5]},
			"faces": {
				"north": {"uv": [15, 0, 16, 1], "texture": "#0"},
				"east": {"uv": [12, 0, 15, 1], "texture": "#0"},
				"south": {"uv": [15, 0, 16, 1], "texture": "#0"},
				"west": {"uv": [12, 0, 15, 1], "texture": "#0"},
				"up": {"uv": [14, 0, 15, 3], "texture": "#0"},
				"down": {"uv": [14, 0, 15, 3], "texture": "#0"}
			}
		},
		{
			"name": "octagon",
			"from": [3.5, 8.14829, 5.5],
			"to": [5.5, 8.97671, 7.5],
			"rotation": {"angle": 0, "axis": "z", "origin": [4.5, 8.5625, 6.5]},
			"faces": {
				"north": {"uv": [15, 0, 16, 1], "texture": "#0"},
				"east": {"uv": [12, 0, 15, 1], "texture": "#0"},
				"south": {"uv": [15, 0, 16, 1], "texture": "#0"},
				"west": {"uv": [12, 0, 15, 1], "texture": "#0"},
				"up": {"uv": [14, 0, 15, 3], "texture": "#0"},
				"down": {"uv": [14, 0, 15, 3], "texture": "#0"}
			}
		},
		{
			"from": [3.25, 9.5, 3.5],
			"to": [7.75, 9.75, 4.5],
			"rotation": {"angle": 0, "axis": "y", "origin": [16, 11.5, 9.5]},
			"faces": {
				"north": {"uv": [15, 15, 16, 16], "texture": "#1"},
				"east": {"uv": [15, 15, 16, 16], "texture": "#1"},
				"south": {"uv": [15, 15, 16, 16], "texture": "#1"},
				"west": {"uv": [15, 15, 16, 16], "texture": "#1"},
				"up": {"uv": [15, 15, 16, 16], "texture": "#1"},
				"down": {"uv": [15, 15, 16, 16], "texture": "#1"}
			}
		},
		{
			"from": [7.5, 5.5, 3.5],
			"to": [7.75, 9.5, 4.5],
			"rotation": {"angle": 0, "axis": "y", "origin": [15.75, 7.25, 9.5]},
			"faces": {
				"north": {"uv": [15, 15, 16, 16], "texture": "#1"},
				"east": {"uv": [15, 15, 16, 16], "texture": "#1"},
				"south": {"uv": [15, 15, 16, 16], "texture": "#1"},
				"west": {"uv": [15, 15, 16, 16], "texture": "#1"},
				"up": {"uv": [15, 15, 16, 16], "texture": "#1"},
				"down": {"uv": [15, 15, 16, 16], "texture": "#1"}
			}
		},
		{
			"from": [3.25, 5.5, 3.5],
			"to": [3.5, 9.5, 4.5],
			"rotation": {"angle": 0, "axis": "y", "origin": [11.5, 7.25, 9.5]},
			"faces": {
				"north": {"uv": [15, 15, 16, 16], "texture": "#1"},
				"east": {"uv": [15, 15, 16, 16], "texture": "#1"},
				"south": {"uv": [15, 15, 16, 16], "texture": "#1"},
				"west": {"uv": [15, 15, 16, 16], "texture": "#1"},
				"up": {"uv": [15, 15, 16, 16], "texture": "#1"},
				"down": {"uv": [15, 15, 16, 16], "texture": "#1"}
			}
		},
		{
			"from": [3.25, 5.25, 3.5],
			"to": [7.75, 5.5, 4.5],
			"rotation": {"angle": 0, "axis": "y", "origin": [16, 7.25, 9.5]},
			"faces": {
				"north": {"uv": [15, 15, 16, 16], "texture": "#1"},
				"east": {"uv": [15, 15, 16, 16], "texture": "#1"},
				"south": {"uv": [15, 15, 16, 16], "texture": "#1"},
				"west": {"uv": [15, 15, 16, 16], "texture": "#1"},
				"up": {"uv": [15, 15, 16, 16], "texture": "#1"},
				"down": {"uv": [15, 15, 16, 16], "texture": "#1"}
			}
		},
		{
			"name": "octagon",
			"from": [4.29289, 6.0625, 3],
			"to": [4.70711, 7.0625, 5.375],
			"rotation": {"angle": 45, "axis": "z", "origin": [4.5, 6.5625, 4]},
			"faces": {
				"north": {"uv": [10, 0, 11, 1], "texture": "#0"},
				"east": {"uv": [10, 0, 11, 1], "texture": "#0"},
				"south": {"uv": [10, 0, 11, 1], "texture": "#0"},
				"west": {"uv": [10, 0, 11, 1], "texture": "#0"},
				"up": {"uv": [10, 0, 11, 1], "texture": "#0"},
				"down": {"uv": [10, 0, 11, 1], "texture": "#0"}
			}
		},
		{
			"name": "octagon",
			"from": [4.29289, 6.0625, 3],
			"to": [4.70711, 7.0625, 5.375],
			"rotation": {"angle": 0, "axis": "z", "origin": [4.5, 6.5625, 4]},
			"faces": {
				"north": {"uv": [10, 0, 11, 1], "texture": "#0"},
				"east": {"uv": [10, 0, 11, 1], "texture": "#0"},
				"south": {"uv": [10, 0, 11, 1], "texture": "#0"},
				"west": {"uv": [10, 0, 11, 1], "texture": "#0"},
				"up": {"uv": [10, 0, 11, 1], "texture": "#0"},
				"down": {"uv": [10, 0, 11, 1], "texture": "#0"}
			}
		},
		{
			"name": "octagon",
			"from": [4, 6.35539, 3],
			"to": [5, 6.76961, 5.375],
			"rotation": {"angle": 45, "axis": "z", "origin": [4.5, 6.5625, 4]},
			"faces": {
				"north": {"uv": [10, 0, 11, 1], "texture": "#0"},
				"east": {"uv": [10, 0, 11, 1], "texture": "#0"},
				"south": {"uv": [10, 0, 11, 1], "texture": "#0"},
				"west": {"uv": [10, 0, 11, 1], "texture": "#0"},
				"up": {"uv": [10, 0, 11, 1], "texture": "#0"},
				"down": {"uv": [10, 0, 11, 1], "texture": "#0"}
			}
		},
		{
			"name": "octagon",
			"from": [4, 6.35539, 3],
			"to": [5, 6.76961, 5.375],
			"rotation": {"angle": 0, "axis": "z", "origin": [4.5, 6.5625, 4]},
			"faces": {
				"north": {"uv": [10, 0, 11, 1], "texture": "#0"},
				"east": {"uv": [10, 0, 11, 1], "texture": "#0"},
				"south": {"uv": [10, 0, 11, 1], "texture": "#0"},
				"west": {"uv": [10, 0, 11, 1], "texture": "#0"},
				"up": {"uv": [10, 0, 11, 1], "texture": "#0"},
				"down": {"uv": [10, 0, 11, 1], "texture": "#0"}
			}
		},
		{
			"name": "octagon",
			"from": [4.18934, 5.8125, 2.875],
			"to": [4.81066, 7.3125, 5.25],
			"rotation": {"angle": 45, "axis": "z", "origin": [4.5, 6.5625, 4]},
			"faces": {
				"north": {"uv": [11, 0, 12, 1], "texture": "#0"},
				"east": {"uv": [11, 0, 12, 1], "texture": "#0"},
				"south": {"uv": [11, 0, 12, 1], "texture": "#0"},
				"west": {"uv": [11, 0, 12, 1], "texture": "#0"},
				"up": {"uv": [11, 0, 12, 1], "texture": "#0"},
				"down": {"uv": [11, 0, 12, 1], "texture": "#0"}
			}
		},
		{
			"name": "octagon",
			"from": [4.18934, 5.8125, 2.875],
			"to": [4.81066, 7.3125, 5.25],
			"rotation": {"angle": 0, "axis": "z", "origin": [4.5, 6.5625, 4]},
			"faces": {
				"north": {"uv": [11, 0, 12, 1], "texture": "#0"},
				"east": {"uv": [11, 0, 12, 1], "texture": "#0"},
				"south": {"uv": [11, 0, 12, 1], "texture": "#0"},
				"west": {"uv": [11, 0, 12, 1], "texture": "#0"},
				"up": {"uv": [11, 0, 12, 1], "texture": "#0"},
				"down": {"uv": [11, 0, 12, 1], "texture": "#0"}
			}
		},
		{
			"name": "octagon",
			"from": [3.75, 6.25184, 2.875],
			"to": [5.25, 6.87316, 5.25],
			"rotation": {"angle": 45, "axis": "z", "origin": [4.5, 6.5625, 4]},
			"faces": {
				"north": {"uv": [11, 0, 12, 1], "texture": "#0"},
				"east": {"uv": [11, 0, 12, 1], "texture": "#0"},
				"south": {"uv": [11, 0, 12, 1], "texture": "#0"},
				"west": {"uv": [11, 0, 12, 1], "texture": "#0"},
				"up": {"uv": [11, 0, 12, 1], "texture": "#0"},
				"down": {"uv": [11, 0, 12, 1], "texture": "#0"}
			}
		},
		{
			"name": "octagon",
			"from": [3.75, 6.25184, 2.875],
			"to": [5.25, 6.87316, 5.25],
			"rotation": {"angle": 0, "axis": "z", "origin": [4.5, 6.5625, 4]},
			"faces": {
				"north": {"uv": [11, 0, 12, 1], "texture": "#0"},
				"east": {"uv": [11, 0, 12, 1], "texture": "#0"},
				"south": {"uv": [11, 0, 12, 1], "texture": "#0"},
				"west": {"uv": [11, 0, 12, 1], "texture": "#0"},
				"up": {"uv": [11, 0, 12, 1], "texture": "#0"},
				"down": {"uv": [11, 0, 12, 1], "texture": "#0"}
			}
		},
		{
			"name": "octagon",
			"from": [4.08579, 5.5625, 3],
			"to": [4.91421, 7.5625, 5],
			"rotation": {"angle": 45, "axis": "z", "origin": [4.5, 6.5625, 4]},
			"faces": {
				"north": {"uv": [15, 0, 16, 1], "texture": "#0"},
				"east": {"uv": [12, 0, 15, 1], "texture": "#0"},
				"south": {"uv": [15, 0, 16, 1], "texture": "#0"},
				"west": {"uv": [12, 0, 15, 1], "texture": "#0"},
				"up": {"uv": [14, 0, 15, 3], "texture": "#0"},
				"down": {"uv": [14, 0, 15, 3], "texture": "#0"}
			}
		},
		{
			"name": "octagon",
			"from": [4.08579, 5.5625, 3],
			"to": [4.91421, 7.5625, 5],
			"rotation": {"angle": 0, "axis": "z", "origin": [4.5, 6.5625, 4]},
			"faces": {
				"north": {"uv": [15, 0, 16, 1], "texture": "#0"},
				"east": {"uv": [12, 0, 15, 1], "texture": "#0"},
				"south": {"uv": [15, 0, 16, 1], "texture": "#0"},
				"west": {"uv": [12, 0, 15, 1], "texture": "#0"},
				"up": {"uv": [14, 0, 15, 3], "texture": "#0"},
				"down": {"uv": [14, 0, 15, 3], "texture": "#0"}
			}
		},
		{
			"name": "octagon",
			"from": [3.5, 6.14829, 3],
			"to": [5.5, 6.97671, 5],
			"rotation": {"angle": 45, "axis": "z", "origin": [4.5, 6.5625, 4]},
			"faces": {
				"north": {"uv": [15, 0, 16, 1], "texture": "#0"},
				"east": {"uv": [12, 0, 15, 1], "texture": "#0"},
				"south": {"uv": [15, 0, 16, 1], "texture": "#0"},
				"west": {"uv": [12, 0, 15, 1], "texture": "#0"},
				"up": {"uv": [14, 0, 15, 3], "texture": "#0"},
				"down": {"uv": [14, 0, 15, 3], "texture": "#0"}
			}
		},
		{
			"name": "octagon",
			"from": [3.5, 6.14829, 3],
			"to": [5.5, 6.97671, 5],
			"rotation": {"angle": 0, "axis": "z", "origin": [4.5, 6.5625, 4]},
			"faces": {
				"north": {"uv": [15, 0, 16, 1], "texture": "#0"},
				"east": {"uv": [12, 0, 15, 1], "texture": "#0"},
				"south": {"uv": [15, 0, 16, 1], "texture": "#0"},
				"west": {"uv": [12, 0, 15, 1], "texture": "#0"},
				"up": {"uv": [14, 0, 15, 3], "texture": "#0"},
				"down": {"uv": [14, 0, 15, 3], "texture": "#0"}
			}
		},
		{
			"name": "octagon",
			"from": [6.29289, 6.0625, 3],
			"to": [6.70711, 7.0625, 5.375],
			"rotation": {"angle": 45, "axis": "z", "origin": [6.5, 6.5625, 4]},
			"faces": {
				"north": {"uv": [10, 0, 11, 1], "texture": "#0"},
				"east": {"uv": [10, 0, 11, 1], "texture": "#0"},
				"south": {"uv": [10, 0, 11, 1], "texture": "#0"},
				"west": {"uv": [10, 0, 11, 1], "texture": "#0"},
				"up": {"uv": [10, 0, 11, 1], "texture": "#0"},
				"down": {"uv": [10, 0, 11, 1], "texture": "#0"}
			}
		},
		{
			"name": "octagon",
			"from": [6.29289, 6.0625, 3],
			"to": [6.70711, 7.0625, 5.375],
			"rotation": {"angle": 0, "axis": "z", "origin": [6.5, 6.5625, 4]},
			"faces": {
				"north": {"uv": [10, 0, 11, 1], "texture": "#0"},
				"east": {"uv": [10, 0, 11, 1], "texture": "#0"},
				"south": {"uv": [10, 0, 11, 1], "texture": "#0"},
				"west": {"uv": [10, 0, 11, 1], "texture": "#0"},
				"up": {"uv": [10, 0, 11, 1], "texture": "#0"},
				"down": {"uv": [10, 0, 11, 1], "texture": "#0"}
			}
		},
		{
			"name": "octagon",
			"from": [6, 6.35539, 3],
			"to": [7, 6.76961, 5.375],
			"rotation": {"angle": 45, "axis": "z", "origin": [6.5, 6.5625, 4]},
			"faces": {
				"north": {"uv": [10, 0, 11, 1], "texture": "#0"},
				"east": {"uv": [10, 0, 11, 1], "texture": "#0"},
				"south": {"uv": [10, 0, 11, 1], "texture": "#0"},
				"west": {"uv": [10, 0, 11, 1], "texture": "#0"},
				"up": {"uv": [10, 0, 11, 1], "texture": "#0"},
				"down": {"uv": [10, 0, 11, 1], "texture": "#0"}
			}
		},
		{
			"name": "octagon",
			"from": [6, 6.35539, 3],
			"to": [7, 6.76961, 5.375],
			"rotation": {"angle": 0, "axis": "z", "origin": [6.5, 6.5625, 4]},
			"faces": {
				"north": {"uv": [10, 0, 11, 1], "texture": "#0"},
				"east": {"uv": [10, 0, 11, 1], "texture": "#0"},
				"south": {"uv": [10, 0, 11, 1], "texture": "#0"},
				"west": {"uv": [10, 0, 11, 1], "texture": "#0"},
				"up": {"uv": [10, 0, 11, 1], "texture": "#0"},
				"down": {"uv": [10, 0, 11, 1], "texture": "#0"}
			}
		},
		{
			"name": "octagon",
			"from": [6.18934, 5.8125, 2.875],
			"to": [6.81066, 7.3125, 5.25],
			"rotation": {"angle": 45, "axis": "z", "origin": [6.5, 6.5625, 4]},
			"faces": {
				"north": {"uv": [11, 0, 12, 1], "texture": "#0"},
				"east": {"uv": [11, 0, 12, 1], "texture": "#0"},
				"south": {"uv": [11, 0, 12, 1], "texture": "#0"},
				"west": {"uv": [11, 0, 12, 1], "texture": "#0"},
				"up": {"uv": [11, 0, 12, 1], "texture": "#0"},
				"down": {"uv": [11, 0, 12, 1], "texture": "#0"}
			}
		},
		{
			"name": "octagon",
			"from": [6.18934, 5.8125, 2.875],
			"to": [6.81066, 7.3125, 5.25],
			"rotation": {"angle": 0, "axis": "z", "origin": [6.5, 6.5625, 4]},
			"faces": {
				"north": {"uv": [11, 0, 12, 1], "texture": "#0"},
				"east": {"uv": [11, 0, 12, 1], "texture": "#0"},
				"south": {"uv": [11, 0, 12, 1], "texture": "#0"},
				"west": {"uv": [11, 0, 12, 1], "texture": "#0"},
				"up": {"uv": [11, 0, 12, 1], "texture": "#0"},
				"down": {"uv": [11, 0, 12, 1], "texture": "#0"}
			}
		},
		{
			"name": "octagon",
			"from": [5.75, 6.25184, 2.875],
			"to": [7.25, 6.87316, 5.25],
			"rotation": {"angle": 45, "axis": "z", "origin": [6.5, 6.5625, 4]},
			"faces": {
				"north": {"uv": [11, 0, 12, 1], "texture": "#0"},
				"east": {"uv": [11, 0, 12, 1], "texture": "#0"},
				"south": {"uv": [11, 0, 12, 1], "texture": "#0"},
				"west": {"uv": [11, 0, 12, 1], "texture": "#0"},
				"up": {"uv": [11, 0, 12, 1], "texture": "#0"},
				"down": {"uv": [11, 0, 12, 1], "texture": "#0"}
			}
		},
		{
			"name": "octagon",
			"from": [5.75, 6.25184, 2.875],
			"to": [7.25, 6.87316, 5.25],
			"rotation": {"angle": 0, "axis": "z", "origin": [6.5, 6.5625, 4]},
			"faces": {
				"north": {"uv": [11, 0, 12, 1], "texture": "#0"},
				"east": {"uv": [11, 0, 12, 1], "texture": "#0"},
				"south": {"uv": [11, 0, 12, 1], "texture": "#0"},
				"west": {"uv": [11, 0, 12, 1], "texture": "#0"},
				"up": {"uv": [11, 0, 12, 1], "texture": "#0"},
				"down": {"uv": [11, 0, 12, 1], "texture": "#0"}
			}
		},
		{
			"name": "octagon",
			"from": [6.08579, 5.5625, 3],
			"to": [6.91421, 7.5625, 5],
			"rotation": {"angle": 45, "axis": "z", "origin": [6.5, 6.5625, 4]},
			"faces": {
				"north": {"uv": [15, 0, 16, 1], "texture": "#0"},
				"east": {"uv": [12, 0, 15, 1], "texture": "#0"},
				"south": {"uv": [15, 0, 16, 1], "texture": "#0"},
				"west": {"uv": [12, 0, 15, 1], "texture": "#0"},
				"up": {"uv": [14, 0, 15, 3], "texture": "#0"},
				"down": {"uv": [14, 0, 15, 3], "texture": "#0"}
			}
		},
		{
			"name": "octagon",
			"from": [6.08579, 5.5625, 3],
			"to": [6.91421, 7.5625, 5],
			"rotation": {"angle": 0, "axis": "z", "origin": [6.5, 6.5625, 4]},
			"faces": {
				"north": {"uv": [15, 0, 16, 1], "texture": "#0"},
				"east": {"uv": [12, 0, 15, 1], "texture": "#0"},
				"south": {"uv": [15, 0, 16, 1], "texture": "#0"},
				"west": {"uv": [12, 0, 15, 1], "texture": "#0"},
				"up": {"uv": [14, 0, 15, 3], "texture": "#0"},
				"down": {"uv": [14, 0, 15, 3], "texture": "#0"}
			}
		},
		{
			"name": "octagon",
			"from": [5.5, 6.14829, 3],
			"to": [7.5, 6.97671, 5],
			"rotation": {"angle": 45, "axis": "z", "origin": [6.5, 6.5625, 4]},
			"faces": {
				"north": {"uv": [15, 0, 16, 1], "texture": "#0"},
				"east": {"uv": [12, 0, 15, 1], "texture": "#0"},
				"south": {"uv": [15, 0, 16, 1], "texture": "#0"},
				"west": {"uv": [12, 0, 15, 1], "texture": "#0"},
				"up": {"uv": [14, 0, 15, 3], "texture": "#0"},
				"down": {"uv": [14, 0, 15, 3], "texture": "#0"}
			}
		},
		{
			"name": "octagon",
			"from": [5.5, 6.14829, 3],
			"to": [7.5, 6.97671, 5],
			"rotation": {"angle": 0, "axis": "z", "origin": [6.5, 6.5625, 4]},
			"faces": {
				"north": {"uv": [15, 0, 16, 1], "texture": "#0"},
				"east": {"uv": [12, 0, 15, 1], "texture": "#0"},
				"south": {"uv": [15, 0, 16, 1], "texture": "#0"},
				"west": {"uv": [12, 0, 15, 1], "texture": "#0"},
				"up": {"uv": [14, 0, 15, 3], "texture": "#0"},
				"down": {"uv": [14, 0, 15, 3], "texture": "#0"}
			}
		},
		{
			"name": "octagon",
			"from": [6.29289, 8.0625, 3],
			"to": [6.70711, 9.0625, 5.375],
			"rotation": {"angle": 45, "axis": "z", "origin": [6.5, 8.5625, 4]},
			"faces": {
				"north": {"uv": [10, 0, 11, 1], "texture": "#0"},
				"east": {"uv": [10, 0, 11, 1], "texture": "#0"},
				"south": {"uv": [10, 0, 11, 1], "texture": "#0"},
				"west": {"uv": [10, 0, 11, 1], "texture": "#0"},
				"up": {"uv": [10, 0, 11, 1], "texture": "#0"},
				"down": {"uv": [10, 0, 11, 1], "texture": "#0"}
			}
		},
		{
			"name": "octagon",
			"from": [6.29289, 8.0625, 3],
			"to": [6.70711, 9.0625, 5.375],
			"rotation": {"angle": 0, "axis": "z", "origin": [6.5, 8.5625, 4]},
			"faces": {
				"north": {"uv": [10, 0, 11, 1], "texture": "#0"},
				"east": {"uv": [10, 0, 11, 1], "texture": "#0"},
				"south": {"uv": [10, 0, 11, 1], "texture": "#0"},
				"west": {"uv": [10, 0, 11, 1], "texture": "#0"},
				"up": {"uv": [10, 0, 11, 1], "texture": "#0"},
				"down": {"uv": [10, 0, 11, 1], "texture": "#0"}
			}
		},
		{
			"name": "octagon",
			"from": [6, 8.35539, 3],
			"to": [7, 8.76961, 5.375],
			"rotation": {"angle": 45, "axis": "z", "origin": [6.5, 8.5625, 4]},
			"faces": {
				"north": {"uv": [10, 0, 11, 1], "texture": "#0"},
				"east": {"uv": [10, 0, 11, 1], "texture": "#0"},
				"south": {"uv": [10, 0, 11, 1], "texture": "#0"},
				"west": {"uv": [10, 0, 11, 1], "texture": "#0"},
				"up": {"uv": [10, 0, 11, 1], "texture": "#0"},
				"down": {"uv": [10, 0, 11, 1], "texture": "#0"}
			}
		},
		{
			"name": "octagon",
			"from": [6, 8.35539, 3],
			"to": [7, 8.76961, 5.375],
			"rotation": {"angle": 0, "axis": "z", "origin": [6.5, 8.5625, 4]},
			"faces": {
				"north": {"uv": [10, 0, 11, 1], "texture": "#0"},
				"east": {"uv": [10, 0, 11, 1], "texture": "#0"},
				"south": {"uv": [10, 0, 11, 1], "texture": "#0"},
				"west": {"uv": [10, 0, 11, 1], "texture": "#0"},
				"up": {"uv": [10, 0, 11, 1], "texture": "#0"},
				"down": {"uv": [10, 0, 11, 1], "texture": "#0"}
			}
		},
		{
			"name": "octagon",
			"from": [6.18934, 7.8125, 2.875],
			"to": [6.81066, 9.3125, 5.25],
			"rotation": {"angle": 45, "axis": "z", "origin": [6.5, 8.5625, 4]},
			"faces": {
				"north": {"uv": [11, 0, 12, 1], "texture": "#0"},
				"east": {"uv": [11, 0, 12, 1], "texture": "#0"},
				"south": {"uv": [11, 0, 12, 1], "texture": "#0"},
				"west": {"uv": [11, 0, 12, 1], "texture": "#0"},
				"up": {"uv": [11, 0, 12, 1], "texture": "#0"},
				"down": {"uv": [11, 0, 12, 1], "texture": "#0"}
			}
		},
		{
			"name": "octagon",
			"from": [6.18934, 7.8125, 2.875],
			"to": [6.81066, 9.3125, 5.25],
			"rotation": {"angle": 0, "axis": "z", "origin": [6.5, 8.5625, 4]},
			"faces": {
				"north": {"uv": [11, 0, 12, 1], "texture": "#0"},
				"east": {"uv": [11, 0, 12, 1], "texture": "#0"},
				"south": {"uv": [11, 0, 12, 1], "texture": "#0"},
				"west": {"uv": [11, 0, 12, 1], "texture": "#0"},
				"up": {"uv": [11, 0, 12, 1], "texture": "#0"},
				"down": {"uv": [11, 0, 12, 1], "texture": "#0"}
			}
		},
		{
			"name": "octagon",
			"from": [5.75, 8.25184, 2.875],
			"to": [7.25, 8.87316, 5.25],
			"rotation": {"angle": 45, "axis": "z", "origin": [6.5, 8.5625, 4]},
			"faces": {
				"north": {"uv": [11, 0, 12, 1], "texture": "#0"},
				"east": {"uv": [11, 0, 12, 1], "texture": "#0"},
				"south": {"uv": [11, 0, 12, 1], "texture": "#0"},
				"west": {"uv": [11, 0, 12, 1], "texture": "#0"},
				"up": {"uv": [11, 0, 12, 1], "texture": "#0"},
				"down": {"uv": [11, 0, 12, 1], "texture": "#0"}
			}
		},
		{
			"name": "octagon",
			"from": [5.75, 8.25184, 2.875],
			"to": [7.25, 8.87316, 5.25],
			"rotation": {"angle": 0, "axis": "z", "origin": [6.5, 8.5625, 4]},
			"faces": {
				"north": {"uv": [11, 0, 12, 1], "texture": "#0"},
				"east": {"uv": [11, 0, 12, 1], "texture": "#0"},
				"south": {"uv": [11, 0, 12, 1], "texture": "#0"},
				"west": {"uv": [11, 0, 12, 1], "texture": "#0"},
				"up": {"uv": [11, 0, 12, 1], "texture": "#0"},
				"down": {"uv": [11, 0, 12, 1], "texture": "#0"}
			}
		},
		{
			"name": "octagon",
			"from": [6.08579, 7.5625, 3],
			"to": [6.91421, 9.5625, 5],
			"rotation": {"angle": 45, "axis": "z", "origin": [6.5, 8.5625, 4]},
			"faces": {
				"north": {"uv": [15, 0, 16, 1], "texture": "#0"},
				"east": {"uv": [12, 0, 15, 1], "texture": "#0"},
				"south": {"uv": [15, 0, 16, 1], "texture": "#0"},
				"west": {"uv": [12, 0, 15, 1], "texture": "#0"},
				"up": {"uv": [14, 0, 15, 3], "texture": "#0"},
				"down": {"uv": [14, 0, 15, 3], "texture": "#0"}
			}
		},
		{
			"name": "octagon",
			"from": [6.08579, 7.5625, 3],
			"to": [6.91421, 9.5625, 5],
			"rotation": {"angle": 0, "axis": "z", "origin": [6.5, 8.5625, 4]},
			"faces": {
				"north": {"uv": [15, 0, 16, 1], "texture": "#0"},
				"east": {"uv": [12, 0, 15, 1], "texture": "#0"},
				"south": {"uv": [15, 0, 16, 1], "texture": "#0"},
				"west": {"uv": [12, 0, 15, 1], "texture": "#0"},
				"up": {"uv": [14, 0, 15, 3], "texture": "#0"},
				"down": {"uv": [14, 0, 15, 3], "texture": "#0"}
			}
		},
		{
			"name": "octagon",
			"from": [5.5, 8.14829, 3],
			"to": [7.5, 8.97671, 5],
			"rotation": {"angle": 45, "axis": "z", "origin": [6.5, 8.5625, 4]},
			"faces": {
				"north": {"uv": [15, 0, 16, 1], "texture": "#0"},
				"east": {"uv": [12, 0, 15, 1], "texture": "#0"},
				"south": {"uv": [15, 0, 16, 1], "texture": "#0"},
				"west": {"uv": [12, 0, 15, 1], "texture": "#0"},
				"up": {"uv": [14, 0, 15, 3], "texture": "#0"},
				"down": {"uv": [14, 0, 15, 3], "texture": "#0"}
			}
		},
		{
			"name": "octagon",
			"from": [5.5, 8.14829, 3],
			"to": [7.5, 8.97671, 5],
			"rotation": {"angle": 0, "axis": "z", "origin": [6.5, 8.5625, 4]},
			"faces": {
				"north": {"uv": [15, 0, 16, 1], "texture": "#0"},
				"east": {"uv": [12, 0, 15, 1], "texture": "#0"},
				"south": {"uv": [15, 0, 16, 1], "texture": "#0"},
				"west": {"uv": [12, 0, 15, 1], "texture": "#0"},
				"up": {"uv": [14, 0, 15, 3], "texture": "#0"},
				"down": {"uv": [14, 0, 15, 3], "texture": "#0"}
			}
		},
		{
			"name": "octagon",
			"from": [4.29289, 8.0625, 3],
			"to": [4.70711, 9.0625, 5.375],
			"rotation": {"angle": 45, "axis": "z", "origin": [4.5, 8.5625, 4]},
			"faces": {
				"north": {"uv": [10, 0, 11, 1], "texture": "#0"},
				"east": {"uv": [10, 0, 11, 1], "texture": "#0"},
				"south": {"uv": [10, 0, 11, 1], "texture": "#0"},
				"west": {"uv": [10, 0, 11, 1], "texture": "#0"},
				"up": {"uv": [10, 0, 11, 1], "texture": "#0"},
				"down": {"uv": [10, 0, 11, 1], "texture": "#0"}
			}
		},
		{
			"name": "octagon",
			"from": [4.29289, 8.0625, 3],
			"to": [4.70711, 9.0625, 5.375],
			"rotation": {"angle": 0, "axis": "z", "origin": [4.5, 8.5625, 4]},
			"faces": {
				"north": {"uv": [10, 0, 11, 1], "texture": "#0"},
				"east": {"uv": [10, 0, 11, 1], "texture": "#0"},
				"south": {"uv": [10, 0, 11, 1], "texture": "#0"},
				"west": {"uv": [10, 0, 11, 1], "texture": "#0"},
				"up": {"uv": [10, 0, 11, 1], "texture": "#0"},
				"down": {"uv": [10, 0, 11, 1], "texture": "#0"}
			}
		},
		{
			"name": "octagon",
			"from": [4, 8.35539, 3],
			"to": [5, 8.76961, 5.375],
			"rotation": {"angle": 45, "axis": "z", "origin": [4.5, 8.5625, 4]},
			"faces": {
				"north": {"uv": [10, 0, 11, 1], "texture": "#0"},
				"east": {"uv": [10, 0, 11, 1], "texture": "#0"},
				"south": {"uv": [10, 0, 11, 1], "texture": "#0"},
				"west": {"uv": [10, 0, 11, 1], "texture": "#0"},
				"up": {"uv": [10, 0, 11, 1], "texture": "#0"},
				"down": {"uv": [10, 0, 11, 1], "texture": "#0"}
			}
		},
		{
			"name": "octagon",
			"from": [4, 8.35539, 3],
			"to": [5, 8.76961, 5.375],
			"rotation": {"angle": 0, "axis": "z", "origin": [4.5, 8.5625, 4]},
			"faces": {
				"north": {"uv": [10, 0, 11, 1], "texture": "#0"},
				"east": {"uv": [10, 0, 11, 1], "texture": "#0"},
				"south": {"uv": [10, 0, 11, 1], "texture": "#0"},
				"west": {"uv": [10, 0, 11, 1], "texture": "#0"},
				"up": {"uv": [10, 0, 11, 1], "texture": "#0"},
				"down": {"uv": [10, 0, 11, 1], "texture": "#0"}
			}
		},
		{
			"name": "octagon",
			"from": [4.18934, 7.8125, 2.875],
			"to": [4.81066, 9.3125, 5.25],
			"rotation": {"angle": 45, "axis": "z", "origin": [4.5, 8.5625, 4]},
			"faces": {
				"north": {"uv": [11, 0, 12, 1], "texture": "#0"},
				"east": {"uv": [11, 0, 12, 1], "texture": "#0"},
				"south": {"uv": [11, 0, 12, 1], "texture": "#0"},
				"west": {"uv": [11, 0, 12, 1], "texture": "#0"},
				"up": {"uv": [11, 0, 12, 1], "texture": "#0"},
				"down": {"uv": [11, 0, 12, 1], "texture": "#0"}
			}
		},
		{
			"name": "octagon",
			"from": [4.18934, 7.8125, 2.875],
			"to": [4.81066, 9.3125, 5.25],
			"rotation": {"angle": 0, "axis": "z", "origin": [4.5, 8.5625, 4]},
			"faces": {
				"north": {"uv": [11, 0, 12, 1], "texture": "#0"},
				"east": {"uv": [11, 0, 12, 1], "texture": "#0"},
				"south": {"uv": [11, 0, 12, 1], "texture": "#0"},
				"west": {"uv": [11, 0, 12, 1], "texture": "#0"},
				"up": {"uv": [11, 0, 12, 1], "texture": "#0"},
				"down": {"uv": [11, 0, 12, 1], "texture": "#0"}
			}
		},
		{
			"name": "octagon",
			"from": [3.75, 8.25184, 2.875],
			"to": [5.25, 8.87316, 5.25],
			"rotation": {"angle": 45, "axis": "z", "origin": [4.5, 8.5625, 4]},
			"faces": {
				"north": {"uv": [11, 0, 12, 1], "texture": "#0"},
				"east": {"uv": [11, 0, 12, 1], "texture": "#0"},
				"south": {"uv": [11, 0, 12, 1], "texture": "#0"},
				"west": {"uv": [11, 0, 12, 1], "texture": "#0"},
				"up": {"uv": [11, 0, 12, 1], "texture": "#0"},
				"down": {"uv": [11, 0, 12, 1], "texture": "#0"}
			}
		},
		{
			"name": "octagon",
			"from": [3.75, 8.25184, 2.875],
			"to": [5.25, 8.87316, 5.25],
			"rotation": {"angle": 0, "axis": "z", "origin": [4.5, 8.5625, 4]},
			"faces": {
				"north": {"uv": [11, 0, 12, 1], "texture": "#0"},
				"east": {"uv": [11, 0, 12, 1], "texture": "#0"},
				"south": {"uv": [11, 0, 12, 1], "texture": "#0"},
				"west": {"uv": [11, 0, 12, 1], "texture": "#0"},
				"up": {"uv": [11, 0, 12, 1], "texture": "#0"},
				"down": {"uv": [11, 0, 12, 1], "texture": "#0"}
			}
		},
		{
			"name": "octagon",
			"from": [4.08579, 7.5625, 3],
			"to": [4.91421, 9.5625, 5],
			"rotation": {"angle": 45, "axis": "z", "origin": [4.5, 8.5625, 4]},
			"faces": {
				"north": {"uv": [15, 0, 16, 1], "texture": "#0"},
				"east": {"uv": [12, 0, 15, 1], "texture": "#0"},
				"south": {"uv": [15, 0, 16, 1], "texture": "#0"},
				"west": {"uv": [12, 0, 15, 1], "texture": "#0"},
				"up": {"uv": [14, 0, 15, 3], "texture": "#0"},
				"down": {"uv": [14, 0, 15, 3], "texture": "#0"}
			}
		},
		{
			"name": "octagon",
			"from": [4.08579, 7.5625, 3],
			"to": [4.91421, 9.5625, 5],
			"rotation": {"angle": 0, "axis": "z", "origin": [4.5, 8.5625, 4]},
			"faces": {
				"north": {"uv": [15, 0, 16, 1], "texture": "#0"},
				"east": {"uv": [12, 0, 15, 1], "texture": "#0"},
				"south": {"uv": [15, 0, 16, 1], "texture": "#0"},
				"west": {"uv": [12, 0, 15, 1], "texture": "#0"},
				"up": {"uv": [14, 0, 15, 3], "texture": "#0"},
				"down": {"uv": [14, 0, 15, 3], "texture": "#0"}
			}
		},
		{
			"name": "octagon",
			"from": [3.5, 8.14829, 3],
			"to": [5.5, 8.97671, 5],
			"rotation": {"angle": 45, "axis": "z", "origin": [4.5, 8.5625, 4]},
			"faces": {
				"north": {"uv": [15, 0, 16, 1], "texture": "#0"},
				"east": {"uv": [12, 0, 15, 1], "texture": "#0"},
				"south": {"uv": [15, 0, 16, 1], "texture": "#0"},
				"west": {"uv": [12, 0, 15, 1], "texture": "#0"},
				"up": {"uv": [14, 0, 15, 3], "texture": "#0"},
				"down": {"uv": [14, 0, 15, 3], "texture": "#0"}
			}
		},
		{
			"name": "octagon",
			"from": [3.5, 8.14829, 3],
			"to": [5.5, 8.97671, 5],
			"rotation": {"angle": 0, "axis": "z", "origin": [4.5, 8.5625, 4]},
			"faces": {
				"north": {"uv": [15, 0, 16, 1], "texture": "#0"},
				"east": {"uv": [12, 0, 15, 1], "texture": "#0"},
				"south": {"uv": [15, 0, 16, 1], "texture": "#0"},
				"west": {"uv": [12, 0, 15, 1], "texture": "#0"},
				"up": {"uv": [14, 0, 15, 3], "texture": "#0"},
				"down": {"uv": [14, 0, 15, 3], "texture": "#0"}
			}
		}
	],
	"gui_light": "front",
	"display": {
		"thirdperson_righthand": {
			"rotation": [20, -119, 10],
			"translation": [-3.75, 1, 0.25]
		},
		"thirdperson_lefthand": {
			"rotation": [75, 45, 0],
			"translation": [0, 2.5, 0],
			"scale": [0, 0, 0]
		},
		"firstperson_righthand": {
			"rotation": [0, -167, 0],
			"translation": [-2.25, 2.25, 0]
		},
		"firstperson_lefthand": {
			"scale": [0, 0, 0]
		},
		"ground": {
			"translation": [2.75, -1.25, 2.25]
		},
		"gui": {
			"rotation": [30, 225, 0],
			"translation": [-4.75, 0.75, 0],
			"scale": [1.3, 1.3, 1.3]
		},
		"fixed": {
			"rotation": [0, -180, 0],
			"translation": [-3, 0.75, -4.5],
			"scale": [1.2, 1.2, 1.2]
		}
	},
	"groups": [
		{
			"name": "group",
			"origin": [22, 11.25, 10],
			"children": [0, 1, 2, 3,
				{
					"name": "15v_laser_battery",
					"origin": [8, 8, 8],
					"children": [
						{
							"name": "group",
							"origin": [8, 8, 8],
							"children": [
								{
									"name": "octagon",
									"origin": [8, 8, 8],
									"children": [4, 5, 6, 7]
								},
								{
									"name": "octagon",
									"origin": [8, 8, 8],
									"children": [8, 9, 10, 11]
								},
								{
									"name": "octagon",
									"origin": [8, 8, 8],
									"children": [12, 13, 14, 15]
								}
							]
						}
					]
				},
				{
					"name": "15v_laser_battery",
					"origin": [8, 8, 8],
					"children": [
						{
							"name": "group",
							"origin": [8, 8, 8],
							"children": [
								{
									"name": "octagon",
									"origin": [8, 8, 8],
									"children": [16, 17, 18, 19]
								},
								{
									"name": "octagon",
									"origin": [8, 8, 8],
									"children": [20, 21, 22, 23]
								},
								{
									"name": "octagon",
									"origin": [8, 8, 8],
									"children": [24, 25, 26, 27]
								}
							]
						}
					]
				},
				{
					"name": "15v_laser_battery",
					"origin": [8, 8, 8],
					"children": [
						{
							"name": "group",
							"origin": [8, 8, 8],
							"children": [
								{
									"name": "octagon",
									"origin": [8, 8, 8],
									"children": [28, 29, 30, 31]
								},
								{
									"name": "octagon",
									"origin": [8, 8, 8],
									"children": [32, 33, 34, 35]
								},
								{
									"name": "octagon",
									"origin": [8, 8, 8],
									"children": [36, 37, 38, 39]
								}
							]
						}
					]
				},
				{
					"name": "15v_laser_battery",
					"origin": [8, 8, 8],
					"children": [
						{
							"name": "group",
							"origin": [8, 8, 8],
							"children": [
								{
									"name": "octagon",
									"origin": [8, 8, 8],
									"children": [40, 41, 42, 43]
								},
								{
									"name": "octagon",
									"origin": [8, 8, 8],
									"children": [44, 45, 46, 47]
								},
								{
									"name": "octagon",
									"origin": [8, 8, 8],
									"children": [48, 49, 50, 51]
								}
							]
						}
					]
				}
			]
		},
		{
			"name": "group",
			"origin": [22, 11.25, 10],
			"children": [52, 53, 54, 55,
				{
					"name": "15v_laser_battery",
					"origin": [8, 8, 8],
					"children": [
						{
							"name": "group",
							"origin": [8, 8, 8],
							"children": [
								{
									"name": "octagon",
									"origin": [8, 8, 8],
									"children": [56, 57, 58, 59]
								},
								{
									"name": "octagon",
									"origin": [8, 8, 8],
									"children": [60, 61, 62, 63]
								},
								{
									"name": "octagon",
									"origin": [8, 8, 8],
									"children": [64, 65, 66, 67]
								}
							]
						}
					]
				},
				{
					"name": "15v_laser_battery",
					"origin": [8, 8, 8],
					"children": [
						{
							"name": "group",
							"origin": [8, 8, 8],
							"children": [
								{
									"name": "octagon",
									"origin": [8, 8, 8],
									"children": [68, 69, 70, 71]
								},
								{
									"name": "octagon",
									"origin": [8, 8, 8],
									"children": [72, 73, 74, 75]
								},
								{
									"name": "octagon",
									"origin": [8, 8, 8],
									"children": [76, 77, 78, 79]
								}
							]
						}
					]
				},
				{
					"name": "15v_laser_battery",
					"origin": [8, 8, 8],
					"children": [
						{
							"name": "group",
							"origin": [8, 8, 8],
							"children": [
								{
									"name": "octagon",
									"origin": [8, 8, 8],
									"children": [80, 81, 82, 83]
								},
								{
									"name": "octagon",
									"origin": [8, 8, 8],
									"children": [84, 85, 86, 87]
								},
								{
									"name": "octagon",
									"origin": [8, 8, 8],
									"children": [88, 89, 90, 91]
								}
							]
						}
					]
				},
				{
					"name": "15v_laser_battery",
					"origin": [8, 8, 8],
					"children": [
						{
							"name": "group",
							"origin": [8, 8, 8],
							"children": [
								{
									"name": "octagon",
									"origin": [8, 8, 8],
									"children": [92, 93, 94, 95]
								},
								{
									"name": "octagon",
									"origin": [8, 8, 8],
									"children": [96, 97, 98, 99]
								},
								{
									"name": "octagon",
									"origin": [8, 8, 8],
									"children": [100, 101, 102, 103]
								}
							]
						}
					]
				}
			]
		}
	]
}