{
 "parent": "item/handheld_rod",
 "textures": {
  "layer0": "item/carrot_on_a_stick"
 },

 "overrides": [
  { "predicate": {"custom_model_data": 13212}, "model": "item/pistol"},
  { "predicate": {"custom_model_data": 13213}, "model": "item/assault_rifle"},
  { "predicate": {"custom_model_data": 13214}, "model": "item/sniper_rifle"},
  { "predicate": {"custom_model_data": 13215}, "model": "item/shotgun"},
  { "predicate": {"custom_model_data": 13222}, "model": "item/chemical_thrower"},
  { "predicate": {"custom_model_data": 13224}, "model": "item/ink_blaster"},
  { "predicate": {"custom_model_data": 13226}, "model": "item/ray_gun_green"},
  { "predicate": {"custom_model_data": 13227}, "model": "item/ray_gun_blue"},
  { "predicate": {"custom_model_data": 13228}, "model": "item/medkit"},
  { "predicate": {"custom_model_data": 13230}, "model": "item/cure"},
  { "predicate": {"custom_model_data": 13231}, "model": "item/regeneration"},
  { "predicate": {"custom_model_data": 13232}, "model": "item/absorption"},
  { "predicate": {"custom_model_data": 13233}, "model": "item/laser_pistol"},
  { "predicate": {"custom_model_data": 13235}, "model": "item/laser_rifle"},
  { "predicate": {"custom_model_data": 13237}, "model": "item/laser_cannon"},
  { "predicate": {"custom_model_data": 13239}, "model": "item/laser_shield"},
  { "predicate": {"custom_model_data": 13240}, "model": "item/combat_shotgun"}

 ]

 
}
