{
    "type": "minecraft:entity",
    "pools": [
      {
        "rolls": 1,
        "entries": [
          {
            "type": "minecraft:item",
            "name": "minecraft:iron_helmet",
            "functions": [
              {
                "function": "minecraft:set_nbt",
                "tag": "{display:{Name:'{\"text\":\"Unbreakable Helmet\"}'},Unbreakable:1b}"
              }
            ]
          },
          {
            "type": "minecraft:item",
            "name": "minecraft:iron_chestplate",
            "functions": [
              {
                "function": "minecraft:set_nbt",
                "tag": "{display:{Name:'{\"text\":\"Unbreakable Chestplate\"}'},Unbreakable:1b}"
              }
            ]
          },
          {
            "type": "minecraft:item",
            "weight": 1,
            "quality": 1,
            "name": "minecraft:iron_leggings",
            "functions": [
              {
                "function": "minecraft:set_nbt",
                "tag": "{display:{Name:'{\"text\":\"Unbreakable Leggings\"}'},Unbreakable:1b}"
              }
            ]
          },
          {
            "type": "minecraft:item",
            "weight": 1,
            "quality": 1,
            "name": "minecraft:iron_boots",
            "functions": [
              {
                "function": "minecraft:set_nbt",
                "tag": "{display:{Name:'{\"text\":\"Unbreakable Boots\"}'},Unbreakable:1b}"
              }
            ]
          }
        ]
      },
      {
        "rolls": 1,
        "bonus_rolls": 0,
        "entries": [
          {
            "type": "minecraft:item",
            "name": "minecraft:bone",
            "functions": [
              {
                "function": "minecraft:set_count",
                "count": {
                  "type": "minecraft:uniform",
                  "min": 0,
                  "max": 2
                },
                "add": false
              },
              {
                "function": "minecraft:looting_enchant",
                "count": {
                  "type": "minecraft:uniform",
                  "min": 0,
                  "max": 1
                }
              }
            ]
          }
        ]
      }
    ]
  }