{
  "type": "minecraft:entity",
  "pools": [
    {
      "rolls": 1,
      "entries": [
        {
          "type": "minecraft:item",
          "weight": 1,
          "quality": 1,
          "name": "minecraft:air"
        },
        {
          "type": "minecraft:item",
          "weight": 1,
          "quality": 1,
          "name": "minecraft:command_block",
          "functions": [
            {
              "function": "minecraft:set_nbt",
              "tag": "{display: {Name: '{\"text\":\"Pistol Magazine\",\"italic\":false,\"color\":\"yellow\"}'}, Unbreakable: 1b, CustomModelData: 13216, pistol_ammo: 1b}"
            },
            {
              "function": "minecraft:set_count",
              "count": {
                "min": 0,
                "max": 1
              }
            }
          ]
        },
        {
          "type": "minecraft:item",
          "weight": 1,
          "quality": 1,
          "name": "minecraft:command_block",
          "functions": [
            {
              "function": "minecraft:set_nbt",
              "tag": "{display:{Name:'{\"text\":\"Shotgun Shell\",\"italic\":false,\"color\":\"gold\"}'},Unbreakable:1b,CustomModelData:13218,shotgun_ammo:1b}"
            },
            {
              "function": "minecraft:set_count",
              "count": {
                "min": 1,
                "max": 2
              }
            }
          ]
        },
        {
          "type": "minecraft:item",
          "weight": 1,
          "quality": 1,
          "name": "minecraft:command_block",
          "functions": [
            {
              "function": "minecraft:set_nbt",
              "tag": "{display:{Name:'{\"text\":\"Sniper Rifle Magazine\",\"italic\":false,\"color\":\"aqua\"}'},Unbreakable:1b,CustomModelData:13219,sniper_ammo:1b}"
            },
            {
              "function": "minecraft:set_count",
              "count": {
                "min": 0,
                "max": 1
              }
            }
          ]
        },
        {
          "type": "minecraft:item",
          "weight": 1,
          "quality": 1,
          "name": "minecraft:command_block",
          "functions": [
            {
              "function": "minecraft:set_count",
              "count": {
                "min": 1,
                "max": 1
              }
            },
            {
              "function": "minecraft:set_nbt",
              "tag": "{display:{Name:'{\"text\":\"Assault Rifle Ammo\",\"italic\":false,\"color\":\"green\"}'},Unbreakable:1b,CustomModelData:13217,assault_ammo:1b}"
            }
          ]
        }
      ]
    },
    {
      "rolls": 1,
      "entries": [
        {
          "type": "minecraft:item",
          "name": "minecraft:written_book",
          "functions": [
            {
              "function": "minecraft:set_nbt",
              "tag": "{pages:['[\"\",{\"text\":\"There are multiple threats in the Minecraft world, but none are as deadly as the \"},{\"text\":\"Zombie Virus\",\"color\":\"light_purple\"},{\"text\":\".\\\\n\\\\nThis disease can infect players, villagers, and even some animals.\",\"color\":\"reset\"}]','{\"text\":\"When the victim is infected, they will start to attack any nearby players or villagers.\\\\n\\\\nInfected players also emit some sort of poison cloud that will hurt nearby players and villagers.\\\\n\\\\nAnimals won\\'t get attacked but can still get infected.\"}','[\"\",{\"text\":\"One way you can cure infected is with the \"},{\"text\":\"Zombie Virus Cure\",\"color\":\"light_purple\"},{\"text\":\".\",\"color\":\"reset\"}]','[\"\",{\"text\":\"The Zombie Virus Cure is an item that can be crafted with the following:\\\\n\\\\n\"},{\"text\":\"Syringe\",\"color\":\"dark_gray\"},{\"text\":\"\\\\n\",\"color\":\"reset\"},{\"text\":\"Golden Apple\",\"color\":\"gold\"},{\"text\":\"\\\\n\",\"color\":\"reset\"},{\"text\":\"Rotten Flesh\",\"color\":\"#986D4F\"},{\"text\":\"\\\\n\",\"color\":\"reset\"},{\"text\":\"Emerald\",\"color\":\"dark_green\"},{\"text\":\"\\\\n\",\"color\":\"reset\"},{\"text\":\"Fermented Spider Eye\",\"color\":\"dark_red\"},{\"text\":\"\\\\n \",\"color\":\"reset\"}]','{\"text\":\"It doesn\\'t matter how you orient them in the crafting grid. So long as you have all the ingredients.\"}','{\"text\":\"To use the Cure you must right click while holding it in your main hand.\"}','[\"\",{\"text\":\"If you don\\'t know how to craft a syringe you craft it with 2 glass and 1 iron.\",\"color\":\"dark_gray\"},{\"text\":\"\\\\n\\\\n\",\"color\":\"reset\"},{\"text\":\"Glass\\\\nGlass\",\"color\":\"aqua\"},{\"text\":\"\\\\n\",\"color\":\"reset\"},{\"text\":\"Iron\",\"color\":\"gray\"}]'],title:\"The Zombie Virus\",author:\"Terry C. Goodwill\",generation:1}"
            }
          ],
          "conditions": [
            {
              "condition": "minecraft:random_chance_with_looting",
              "chance": 0.1,
              "looting_multiplier": 0.1
            }
          ]
        }
      ]
    },
    {
      "rolls": 1,
      "entries": [
        {
          "type": "minecraft:item",
          "name": "minecraft:bone"
        }
      ]
    },
    {
      "rolls": 1,
      "entries": [
        {
          "type": "minecraft:item",
          "name": "minecraft:rotten_flesh"
        }
      ]
    },
    {
      "rolls": 1,
      "entries": [
        {
          "type": "minecraft:item",
          "name": "minecraft:rotten_flesh"
        }
      ]
    },
    {
      "rolls": 1,
      "bonus_rolls": 0,
      "entries": [
        {
          "type": "minecraft:item",
          "name": "minecraft:string"
        }
      ],
      "functions": [
        {
          "function": "minecraft:set_count",
          "count": 2,
          "add": true
        }
      ],
      "conditions": [
        {
          "condition": "minecraft:random_chance_with_looting",
          "chance": 0.25,
          "looting_multiplier": 0.01
        }
      ]
    }
  ]
}
