{
    "type": "minecraft:entity",
    "pools": [
      {
        "rolls": 1,
        "entries": [
          {
            "type": "minecraft:item",
            "name": "minecraft:jigsaw",
            "functions": [
              {
                "function": "minecraft:set_nbt",
                "tag": "{display:{Name:'{\"text\":\"Ruby Gem\",\"color\":\"red\",\"italic\":false}'},CustomModelData:1100,ruby:1b}"
              }
            ],
            "conditions": [
              {
                "condition": "minecraft:random_chance",
                "chance": 0.08
              }
            ]
          }
        ]
      },
      {
        "rolls": 1,
        "bonus_rolls": 0,
        "entries": [
          {
            "type": "minecraft:item",
            "name": "minecraft:rotten_flesh",
            "functions": [
              {
                "function": "minecraft:set_count",
                "count": {
                  "type": "minecraft:uniform",
                  "min": 0,
                  "max": 2
                },
                "add": false
              },
              {
                "function": "minecraft:looting_enchant",
                "count": {
                  "type": "minecraft:uniform",
                  "min": 0,
                  "max": 1
                }
              }
            ]
          }
        ]
      },
      {
        "rolls": 1,
        "bonus_rolls": 0,
        "entries": [
          {
            "type": "minecraft:item",
            "name": "minecraft:iron_ingot"
          },
          {
            "type": "minecraft:item",
            "name": "minecraft:carrot"
          },
          {
            "type": "minecraft:item",
            "name": "minecraft:potato",
            "functions": [
              {
                "function": "minecraft:furnace_smelt",
                "conditions": [
                  {
                    "condition": "minecraft:entity_properties",
                    "entity": "this",
                    "predicate": {
                      "flags": {
                        "is_on_fire": true
                      }
                    }
                  }
                ]
              }
            ]
          }
        ],
        "conditions": [
          {
            "condition": "minecraft:killed_by_player"
          },
          {
            "condition": "minecraft:random_chance_with_looting",
            "chance": 0.025,
            "looting_multiplier": 0.01
          }
        ]
      }
    ]
  }
  