{
    "type": "minecraft:crafting_shaped",
    "pattern": [
        "## ",
        "LLI",
        "ii "
    ],
    "key": {
        "#": {
            "item": "minecraft:black_stained_glass"
        },
        "L": {
            "item": "minecraft:black_concrete"
        },
        "I": {
            "item": "minecraft:iron_bars"
        },
        "i": {
            "item": "minecraft:iron_ingot"
        }
    },
    "result": {
        "item": "minecraft:knowledge_book",
        "count": 1
    }
}