{
    "type": "minecraft:crafting_shaped",
    "pattern": [
        "#I#",
        "GIG",
        "iRi"
    ],
    "key": {
        "#": {
            "item": "minecraft:gunpowder"
        },
        "I": {
            "item": "minecraft:iron_ingot"
        },
        "G": {
            "item": "minecraft:green_concrete"
        },
        "i": {
            "item": "minecraft:iron_block"
        },
        "R": {
            "item": "minecraft:redstone_block"
        }
    },
    "result": {
        "item": "minecraft:knowledge_book",
        "count": 1
    }
}