{
    "__comment": "Made with TheDestruc7i0n's advancements generator: https://advancements.thedestruc7i0n.ca",
    "display": {
        "title": {
            "text": "Craft Cure"
        },
        "description": {
            "text": "Crafted"
        },
        "icon": {
            "item": "minecraft:rotten_flesh"
        },
        "frame": "task",
        "show_toast": false,
        "announce_to_chat": false,
        "hidden": true
    },
    "criteria": {
        "craft": {
            "trigger": "minecraft:recipe_unlocked",
            "conditions": {
                "recipe": "apocalypse:zombie_amulet"
            }
        }
    },
    "rewards": {
        "function": "apocalypse:give_zombie_amulet"
    }
}