{"stats":{"minecraft:picked_up":{"minecraft:feather":19,"minecraft:ladder":1,"minecraft:yellow_dye":1,"minecraft:oak_stairs":5,"minecraft:string":1,"minecraft:stone_stairs":1,"minecraft:wooden_sword":1,"minecraft:bone":7,"minecraft:red_dye":2,"minecraft:redstone_torch":1,"minecraft:dark_oak_stairs":1,"minecraft:green_dye":3,"minecraft:stone":1,"minecraft:stick":1,"minecraft:redstone":2,"minecraft:spider_eye":1,"minecraft:arrow":5,"minecraft:command_block":1,"minecraft:rotten_flesh":8,"minecraft:lever":1,"minecraft:blue_dye":3,"minecraft:bone_meal":2,"minecraft:saddle":1,"minecraft:music_disc_wait":3,"minecraft:netherite_hoe":2},"minecraft:killed":{"minecraft:parrot":10,"minecraft:spider":1,"minecraft:ravager":1,"minecraft:zoglin":1,"minecraft:skeleton":4,"minecraft:zombie":14,"minecraft:wither_skeleton":1,"minecraft:villager":1},"minecraft:used":{"minecraft:oak_fence":3,"minecraft:oak_trapdoor":39,"minecraft:water_bucket":64,"minecraft:netherite_sword":28,"minecraft:iron_bars":48,"minecraft:wither_skeleton_skull":1,"minecraft:spruce_slab":65,"minecraft:polished_andesite":60,"minecraft:redstone":238,"minecraft:oak_planks":78,"minecraft:ladder":22,"minecraft:andesite_slab":44,"minecraft:oak_sign":86,"minecraft:chest":15,"minecraft:spruce_planks":11,"minecraft:wooden_pickaxe":56,"minecraft:ender_chest":2,"minecraft:stone":741,"minecraft:wither_skeleton_spawn_egg":1,"minecraft:zombie_spawn_egg":2,"minecraft:redstone_block":1,"minecraft:player_head":1,"minecraft:cracked_stone_bricks":50,"minecraft:oak_leaves":276,"minecraft:debug_stick":103,"minecraft:diamond_block":20,"minecraft:dirt":150,"minecraft:sand":103,"minecraft:anvil":2,"minecraft:skeleton_spawn_egg":2,"minecraft:oak_slab":1,"minecraft:crafting_table":1,"minecraft:red_bed":1,"minecraft:campfire":1,"minecraft:stone_stairs":137,"minecraft:oak_wood":28,"minecraft:spruce_fence":16,"minecraft:smoker":2,"minecraft:music_disc_strad":1,"minecraft:oak_fence_gate":1,"minecraft:crimson_button":5,"minecraft:fern":10,"minecraft:glass":12,"minecraft:redstone_torch":84,"minecraft:oak_log":170,"minecraft:stone_brick_slab":38,"minecraft:ravager_spawn_egg":1,"minecraft:lever":54,"minecraft:black_concrete":191,"minecraft:sea_lantern":12,"minecraft:lava_bucket":180,"minecraft:apple":1,"minecraft:music_disc_mall":1,"minecraft:command_block":561,"minecraft:iron_block":8,"minecraft:lantern":19,"minecraft:grass_block":409,"minecraft:oak_stairs":35,"minecraft:bread":1,"minecraft:barrier":5,"minecraft:oak_button":1,"minecraft:music_disc_ward":1,"minecraft:stone_button":6,"minecraft:stone_slab":38,"minecraft:spruce_trapdoor":10,"minecraft:music_disc_wait":3,"minecraft:stone_brick_stairs":11,"minecraft:stone_bricks":103,"minecraft:yellow_wool":56,"minecraft:music_disc_stal":1,"minecraft:repeater":1692,"minecraft:wooden_sword":16,"minecraft:potion":2,"minecraft:golden_carrot":3,"minecraft:bow":11,"minecraft:podzol":56,"minecraft:andesite":218,"minecraft:andesite_stairs":66,"minecraft:chain":12,"minecraft:gold_block":6,"minecraft:repeating_command_block":27,"minecraft:smooth_stone_slab":21,"minecraft:white_concrete":3870,"minecraft:warped_button":1,"minecraft:jukebox":1,"minecraft:smooth_stone":9,"minecraft:bone_meal":52,"minecraft:large_fern":10,"minecraft:cobweb":23},"minecraft:custom":{"minecraft:interact_with_anvil":2,"minecraft:mob_kills":34,"minecraft:play_record":7,"minecraft:play_one_minute":757521,"minecraft:leave_game":91,"minecraft:time_since_death":26854,"minecraft:climb_one_cm":3850,"minecraft:damage_resisted":320,"minecraft:time_since_rest":26880,"minecraft:sprint_one_cm":259596,"minecraft:open_enderchest":2,"minecraft:damage_taken":740,"minecraft:walk_one_cm":707183,"minecraft:drop":89,"minecraft:damage_dealt":4617,"minecraft:fly_one_cm":7890117,"minecraft:open_chest":18,"minecraft:crouch_one_cm":6159,"minecraft:deaths":2,"minecraft:sneak_time":19607,"minecraft:walk_under_water_one_cm":758,"minecraft:jump":2497,"minecraft:walk_on_water_one_cm":5264,"minecraft:fall_one_cm":6004},"minecraft:dropped":{"minecraft:bread":1,"minecraft:netherite_hoe":2,"minecraft:lever":1,"minecraft:jukebox":1,"minecraft:glass_bottle":2,"minecraft:barrier":1,"minecraft:rotten_flesh":65,"minecraft:stone_slab":1,"minecraft:command_block":1,"minecraft:stone_stairs":2,"minecraft:stone":3,"minecraft:white_concrete":1,"minecraft:music_disc_mall":1,"minecraft:music_disc_strad":1,"minecraft:wooden_sword":1,"minecraft:music_disc_ward":1,"minecraft:music_disc_wait":2,"minecraft:black_concrete":1,"minecraft:music_disc_stal":1}},"DataVersion":2580}