{
  "type": "minecraft:entity",
  "pools": [
    {
      "rolls": 1,
      "entries": [
        {
          "type": "minecraft:item",
          "name": "minecraft:spider_eye",
          "functions": [
            {
              "function": "minecraft:set_count",
              "count": {
                "min": 1,
                "max": 2
              }
            },
            {
              "function": "minecraft:set_nbt",
              "tag": "{display:{Name:'{\"text\":\"Zombie Eye\",\"italic\":false}',Lore:['{\"text\":\"Spider eye substitute\",\"color\":\"gray\",\"italic\":false}']}}"
            }
          ]
        }
      ],
      "conditions": [
        {
          "condition": "minecraft:random_chance_with_looting",
          "chance": 0.19,
          "looting_multiplier": 0.01
        }
      ]
    },{
      "rolls": 1,
      "entries": [
        {
          "type": "minecraft:item",
          "name": "minecraft:written_book",
          "functions": [
            {
              "function": "minecraft:set_nbt",
              "tag": "{pages:['{\"text\":\"There are many threats in the Minecraft world. But none are as deadly as the zombie virus.\\\\n\\\\nThe zombie virus can infect players, villagers, and even some animals.\"}','{\"text\":\"If you ever find yourself infected, there is a magical item that can cure you.\\\\n\\\\nIt is crafted with the following recipe...\"}','[\"\",{\"text\":\"<><><>\",\"color\":\"green\"},{\"text\":\"\\\\n\",\"color\":\"reset\"},{\"text\":\"<>\",\"color\":\"green\"},{\"text\":\"[]\",\"color\":\"dark_green\"},{\"text\":\"<>\",\"color\":\"green\"},{\"text\":\"\\\\n\",\"color\":\"reset\"},{\"text\":\"<><><>\\\\n\\\\n<>\",\"color\":\"green\"},{\"text\":\"= Emerald\\\\n\",\"color\":\"reset\"},{\"text\":\"[]\",\"color\":\"dark_green\"},{\"text\":\" = Zombie Head\\\\n\\\\nNote: The zombie head must be one that belonged to a custom zombie.\",\"color\":\"reset\"}]','[\"\",{\"text\":\"When this item is crafted you will get an item called the Zombie Amulet.\\\\n\\\\nThis item will cure you when you are infected.\\\\n\\\\n\"},{\"text\":\"\",\"color\":\"gray\"}]'],title:\"Tattered Book\",author:\"???\",generation:3}"
            }
          ],
          "conditions": [
            {
              "condition": "minecraft:random_chance_with_looting",
              "chance": 0.1,
              "looting_multiplier": 0.1
            }
          ]
        }
      ]
    },
    {
      "rolls": 1,
      "entries": [
        {
          "type": "minecraft:item",
          "name": "minecraft:bone",
          "functions": [
            {
              "function": "minecraft:set_count",
              "count": {
                "min": 1,
                "max": 3
              }
            }
          ]
        }
      ]
    },
    {
      "rolls": 1,
      "entries": [
        {
          "type": "minecraft:item",
          "name": "minecraft:rotten_flesh",
          "functions": [
            {
              "function": "minecraft:set_count",
              "count": {
                "min": 1,
                "max": 3
              }
            }
          ]
        }
      ]
    },
    {
      "rolls": 1,
      "bonus_rolls": 0,
      "entries": [
        {
          "type": "minecraft:item",
          "name": "minecraft:gunpowder",
          "functions": [
            {
              "function": "minecraft:set_count",
              "count": {
                "min": 1,
                "max": 3
              }
            }
          ],
          "conditions": [
            {
              "condition": "minecraft:random_chance_with_looting",
              "chance": 0.65,
              "looting_multiplier": 0.1
            }
          ]
        }
      ]
    }
  ]
}
