{
  "__comment": "Made with TheDestruc7i0n's advancements generator: https://advancements.thedestruc7i0n.ca",
  "display": {
      "title": {
          "text": "Advancement"
      },
      "description": {
          "text": "Description"
      },
      "icon": {
          "item": "minecraft:stone"
      },
      "frame": "task",
      "show_toast": false,
      "announce_to_chat": false,
      "hidden": true,
      "background": "minecraft:textures/gui/advancements/backgrounds/stone.png"
  },
  "criteria": {
      "c1": {
          "trigger": "minecraft:used_ender_eye"
      }
  },
  "rewards": {
      "function": "apocalypse:use_cure"
  }
}