{
 "parent": "item/handheld_rod",
 "textures": {
  "layer0": "item/carrot_on_a_stick"
 },

 "overrides": [
  { "predicate": {"custom_model_data": 1110}, "model": "item/creeper_relic"},
  { "predicate": {"custom_model_data": 1111}, "model": "item/ocelot_relic"},
  { "predicate": {"custom_model_data": 1112}, "model": "item/guardian_relic"},
  { "predicate": {"custom_model_data": 1113}, "model": "item/activated_creeper_relic"},
  { "predicate": {"custom_model_data": 1114}, "model": "item/activated_ocelot_relic"},
  { "predicate": {"custom_model_data": 1115}, "model": "item/activated_guardian_relic"}
 ]

 
}
