{
	"credit": "Made with Blockbench",
	"textures": {
		"0": "flare_gun",
		"particle": "flare_gun"
	},
	"elements": [
		{
			"from": [1, 0, 5],
			"to": [3, 5, 7],
			"rotation": {"angle": -22.5, "axis": "z", "origin": [2.5, 0.5, 5.5]},
			"faces": {
				"north": {"uv": [0, 0, 2, 5], "texture": "#0"},
				"east": {"uv": [0, 0, 2, 5], "texture": "#0"},
				"south": {"uv": [0, 0, 2, 5], "texture": "#0"},
				"west": {"uv": [0, 0, 2, 5], "texture": "#0"},
				"up": {"uv": [0, 0, 2, 2], "texture": "#0"},
				"down": {"uv": [0, 0, 2, 2], "texture": "#0"}
			}
		},
		{
			"from": [2.80343, 4.4766, 5],
			"to": [8.80343, 5.4766, 7],
			"rotation": {"angle": 0, "axis": "z", "origin": [5.30343, 5.4766, 6]},
			"faces": {
				"north": {"uv": [0, 0, 1, 6], "rotation": 270, "texture": "#0"},
				"east": {"uv": [0, 0, 1, 2], "rotation": 90, "texture": "#0"},
				"south": {"uv": [0, 0, 1, 6], "rotation": 90, "texture": "#0"},
				"west": {"uv": [0, 0, 1, 2], "rotation": 90, "texture": "#0"},
				"up": {"uv": [0, 0, 2, 6], "rotation": 90, "texture": "#0"},
				"down": {"uv": [0, 0, 2, 6], "rotation": 90, "texture": "#0"}
			}
		},
		{
			"from": [4.30343, 3.4766, 5.5],
			"to": [5.05343, 4.4766, 6.5],
			"rotation": {"angle": 0, "axis": "z", "origin": [5.30343, 4.4766, 6]},
			"faces": {
				"north": {"uv": [15, 0, 16, 0.75], "rotation": 270, "texture": "#0"},
				"east": {"uv": [15, 0, 16, 1], "rotation": 90, "texture": "#0"},
				"south": {"uv": [15, 0, 16, 0.75], "rotation": 90, "texture": "#0"},
				"west": {"uv": [15, 0, 16, 1], "rotation": 90, "texture": "#0"},
				"up": {"uv": [15, 0, 16, 0.75], "rotation": 90, "texture": "#0"},
				"down": {"uv": [15, 0, 16, 0.75], "rotation": 90, "texture": "#0"}
			}
		},
		{
			"from": [4.05343, 3.2266, 5.5],
			"to": [5.30343, 3.4766, 6.5],
			"rotation": {"angle": 0, "axis": "z", "origin": [5.30343, 4.2266, 6]},
			"faces": {
				"north": {"uv": [15, 0, 15.25, 1.25], "rotation": 270, "texture": "#0"},
				"east": {"uv": [15, 0, 15.25, 1], "rotation": 90, "texture": "#0"},
				"south": {"uv": [15, 0, 15.25, 1.25], "rotation": 90, "texture": "#0"},
				"west": {"uv": [15, 0, 15.25, 1], "rotation": 90, "texture": "#0"},
				"up": {"uv": [15, 0, 16, 1.25], "rotation": 90, "texture": "#0"},
				"down": {"uv": [15, 0, 16, 1.25], "rotation": 90, "texture": "#0"}
			}
		},
		{
			"from": [2.80343, 5.4766, 5],
			"to": [4.80343, 6.7266, 7],
			"rotation": {"angle": 0, "axis": "z", "origin": [5.30343, 6.4766, 6]},
			"faces": {
				"north": {"uv": [0, 0, 1.25, 2], "rotation": 270, "texture": "#0"},
				"east": {"uv": [0, 0, 1.25, 2], "rotation": 90, "texture": "#0"},
				"south": {"uv": [0, 0, 1.25, 2], "rotation": 90, "texture": "#0"},
				"west": {"uv": [0, 0, 1.25, 2], "rotation": 90, "texture": "#0"},
				"up": {"uv": [0, 0, 2, 2], "rotation": 90, "texture": "#0"},
				"down": {"uv": [0, 0, 2, 2], "rotation": 90, "texture": "#0"}
			}
		},
		{
			"from": [5.80343, 2.4766, 5.25],
			"to": [9.80343, 3.2266, 6.75],
			"rotation": {"angle": 45, "axis": "z", "origin": [6.30343, 2.4766, 6]},
			"faces": {
				"north": {"uv": [0, 0, 0.75, 4], "rotation": 270, "texture": "#0"},
				"east": {"uv": [0, 0, 0.75, 1.5], "rotation": 90, "texture": "#0"},
				"south": {"uv": [0, 0, 0.75, 4], "rotation": 90, "texture": "#0"},
				"west": {"uv": [0, 0, 0.75, 1.5], "rotation": 90, "texture": "#0"},
				"up": {"uv": [0, 0, 1.5, 4], "rotation": 90, "texture": "#0"},
				"down": {"uv": [0, 0, 1.5, 4], "rotation": 90, "texture": "#0"}
			}
		},
		{
			"from": [2.51053, 2.14081, 5.25],
			"to": [6.01053, 2.89081, 6.75],
			"rotation": {"angle": 0, "axis": "z", "origin": [4.51053, 2.39081, 6]},
			"faces": {
				"north": {"uv": [0, 0, 0.75, 3.5], "rotation": 270, "texture": "#0"},
				"east": {"uv": [0, 0, 0.75, 1.5], "rotation": 90, "texture": "#0"},
				"south": {"uv": [0, 0, 0.75, 3.5], "rotation": 90, "texture": "#0"},
				"west": {"uv": [0, 0, 0.75, 1.5], "rotation": 90, "texture": "#0"},
				"up": {"uv": [0, 0, 1.5, 3.5], "rotation": 90, "texture": "#0"},
				"down": {"uv": [0, 0, 1.5, 3.5], "rotation": 90, "texture": "#0"}
			}
		},
		{
			"name": "octagon",
			"from": [2.925, 5.6747, 5.25],
			"to": [9.45, 6.2753, 5.685],
			"rotation": {"angle": 45, "axis": "x", "origin": [5.1, 5.975, 5.975]},
			"faces": {
				"north": {"uv": [2, 0, 7, 1], "texture": "#0"},
				"east": {"uv": [2, 0, 3, 1], "texture": "#0"},
				"south": {"uv": [2, 0, 7, 1], "texture": "#0"},
				"west": {"uv": [2, 0, 3, 1], "texture": "#0"},
				"up": {"uv": [2, 0, 7, 1], "texture": "#0"},
				"down": {"uv": [2, 0, 7, 1], "texture": "#0"}
			}
		},
		{
			"name": "octagon",
			"from": [2.925, 5.6747, 5.25],
			"to": [9.45, 6.2753, 5.685],
			"rotation": {"angle": 0, "axis": "x", "origin": [5.1, 5.975, 5.975]},
			"faces": {
				"north": {"uv": [2, 0, 7, 1], "texture": "#0"},
				"east": {"uv": [2, 0, 3, 1], "texture": "#0"},
				"south": {"uv": [2, 0, 7, 1], "texture": "#0"},
				"west": {"uv": [2, 0, 3, 1], "texture": "#0"},
				"up": {"uv": [2, 0, 7, 1], "texture": "#0"},
				"down": {"uv": [2, 0, 7, 1], "texture": "#0"}
			}
		},
		{
			"name": "octagon",
			"from": [2.925, 5.6747, 6.265],
			"to": [9.45, 6.2753, 6.7],
			"rotation": {"angle": 45, "axis": "x", "origin": [5.1, 5.975, 5.975]},
			"faces": {
				"north": {"uv": [2, 0, 7, 1], "texture": "#0"},
				"east": {"uv": [2, 0, 3, 1], "texture": "#0"},
				"south": {"uv": [2, 0, 7, 1], "texture": "#0"},
				"west": {"uv": [2, 0, 3, 1], "texture": "#0"},
				"up": {"uv": [2, 0, 7, 1], "texture": "#0"},
				"down": {"uv": [2, 0, 7, 1], "texture": "#0"}
			}
		},
		{
			"name": "octagon",
			"from": [2.925, 5.6747, 6.265],
			"to": [9.45, 6.2753, 6.7],
			"rotation": {"angle": 0, "axis": "x", "origin": [5.1, 5.975, 5.975]},
			"faces": {
				"north": {"uv": [2, 0, 7, 1], "texture": "#0"},
				"east": {"uv": [2, 0, 3, 1], "texture": "#0"},
				"south": {"uv": [2, 0, 7, 1], "texture": "#0"},
				"west": {"uv": [2, 0, 3, 1], "texture": "#0"},
				"up": {"uv": [2, 0, 7, 1], "texture": "#0"},
				"down": {"uv": [2, 0, 7, 1], "texture": "#0"}
			}
		},
		{
			"name": "octagon",
			"from": [2.925, 5.25, 5.6747],
			"to": [9.45, 5.685, 6.2753],
			"rotation": {"angle": 45, "axis": "x", "origin": [5.1, 5.975, 5.975]},
			"faces": {
				"north": {"uv": [2, 0, 7, 1], "texture": "#0"},
				"east": {"uv": [2, 0, 3, 1], "texture": "#0"},
				"south": {"uv": [2, 0, 7, 1], "texture": "#0"},
				"west": {"uv": [2, 0, 3, 1], "texture": "#0"},
				"up": {"uv": [2, 0, 7, 1], "texture": "#0"},
				"down": {"uv": [2, 0, 7, 1], "texture": "#0"}
			}
		},
		{
			"name": "octagon",
			"from": [2.925, 5.25, 5.6747],
			"to": [9.45, 5.685, 6.2753],
			"rotation": {"angle": 0, "axis": "x", "origin": [5.1, 5.975, 5.975]},
			"faces": {
				"north": {"uv": [2, 0, 7, 1], "texture": "#0"},
				"east": {"uv": [2, 0, 3, 1], "texture": "#0"},
				"south": {"uv": [2, 0, 7, 1], "texture": "#0"},
				"west": {"uv": [2, 0, 3, 1], "texture": "#0"},
				"up": {"uv": [2, 0, 7, 1], "texture": "#0"},
				"down": {"uv": [2, 0, 7, 1], "texture": "#0"}
			}
		},
		{
			"name": "octagon",
			"from": [2.925, 6.265, 5.6747],
			"to": [9.45, 6.7, 6.2753],
			"rotation": {"angle": 45, "axis": "x", "origin": [5.1, 5.975, 5.975]},
			"faces": {
				"north": {"uv": [2, 0, 7, 1], "texture": "#0"},
				"east": {"uv": [2, 0, 3, 1], "texture": "#0"},
				"south": {"uv": [2, 0, 7, 1], "texture": "#0"},
				"west": {"uv": [2, 0, 3, 1], "texture": "#0"},
				"up": {"uv": [2, 0, 7, 1], "texture": "#0"},
				"down": {"uv": [2, 0, 7, 1], "texture": "#0"}
			}
		},
		{
			"name": "octagon",
			"from": [2.925, 6.265, 5.6747],
			"to": [9.45, 6.7, 6.2753],
			"rotation": {"angle": 0, "axis": "x", "origin": [5.1, 5.975, 5.975]},
			"faces": {
				"north": {"uv": [2, 0, 7, 1], "texture": "#0"},
				"east": {"uv": [2, 0, 3, 1], "texture": "#0"},
				"south": {"uv": [2, 0, 7, 1], "texture": "#0"},
				"west": {"uv": [2, 0, 3, 1], "texture": "#0"},
				"up": {"uv": [2, 0, 7, 1], "texture": "#0"},
				"down": {"uv": [2, 0, 7, 1], "texture": "#0"}
			}
		}
	],
	"gui_light": "front",
	"display": {
		"thirdperson_righthand": {
			"rotation": [0, 90, 0],
			"translation": [2, 3.5, -3.5]
		},
		"thirdperson_lefthand": {
			"rotation": [0, -90, 0],
			"translation": [-3.75, -1, -2]
		},
		"firstperson_righthand": {
			"rotation": [0, 79, 0],
			"translation": [3.5, 6.25, 0]
		},
		"firstperson_lefthand": {
			"translation": [0, -1.75, 0]
		},
		"ground": {
			"rotation": [90, 0, 0],
			"translation": [2, -5.5, 4]
		},
		"gui": {
			"rotation": [0, -180, 0],
			"translation": [-2.5, 3.75, 0]
		},
		"head": {
			"translation": [1.5, 2.25, 0]
		},
		"fixed": {
			"translation": [2.25, 5, 0]
		}
	},
	"groups": [0, 1, 2, 3, 4, 5, 6,
		{
			"name": "octagon",
			"origin": [8, 8, 8],
			"children": [7, 8, 9, 10, 11, 12, 13, 14]
		}
	]
}