{
    "type": "minecraft:block",
    "pools": [
      {
        "rolls": 1,
        "entries": [
          {
            "type": "minecraft:item",
            "name": "minecraft:jigsaw",
            "functions": [
              {
                "function": "minecraft:set_nbt",
                "tag": "{display:{Name:'{\"text\":\"Diamond Gem\",\"color\":\"aqua\",\"italic\":false}'},CustomModelData:1106,diamond_gem:1b}"
              }
            ],
            "conditions": [
              {
                "condition": "minecraft:random_chance",
                "chance": 0.3
              }
            ]
          }
        ]
      },
      {
        "rolls": 1,
        "bonus_rolls": 0,
        "entries": [
          {
            "type": "minecraft:alternatives",
            "children": [
              {
                "type": "minecraft:item",
                "name": "minecraft:diamond_ore",
                "conditions": [
                  {
                    "condition": "minecraft:match_tool",
                    "predicate": {
                      "enchantments": [
                        {
                          "enchantment": "minecraft:silk_touch",
                          "levels": {
                            "min": 1
                          }
                        }
                      ]
                    }
                  }
                ]
              },
              {
                "type": "minecraft:item",
                "name": "minecraft:diamond",
                "functions": [
                  {
                    "function": "minecraft:apply_bonus",
                    "enchantment": "minecraft:fortune",
                    "formula": "minecraft:ore_drops"
                  },
                  {
                    "function": "minecraft:explosion_decay"
                  }
                ]
              }
            ]
          }
        ]
      }
    ]
  }
  