{
    "type": "minecraft:crafting_shaped",
    "pattern": [
        "##g",
        "#EI",
        "iig"
    ],
    "key": {
        "#": {
            "item": "minecraft:pink_concrete"
        },
        "i": {
            "item": "minecraft:iron_ingot"
        },
        "E": {
            "item": "minecraft:end_crystal"
        },
        "I": {
            "item": "minecraft:iron_bars"
        },
        "g": {
            "item": "minecraft:gold_ingot"
        }
    },
    "result": {
        "item": "minecraft:knowledge_book",
        "count": 1
    }
}